user_id;password
cs_23810;mypassword
cs_91685;mypassword
cs_38025;mypassword
cs_11471;mypassword
cs_59125;mypassword
cs_15167;mypassword
cs_97505;mypassword
cs_31321;mypassword
cs_27625;mypassword
cs_80362;mypassword
cs_95184;mypassword
cs_19819;mypassword
cs_39012;mypassword
cs_26803;mypassword
cs_38289;mypassword
cs_66646;mypassword
cs_49276;mypassword
cs_98826;mypassword
cs_39279;mypassword
cs_52748;mypassword
cs_30219;mypassword
cs_95969;mypassword
cs_83948;mypassword
cs_95362;mypassword
cs_56318;mypassword
cs_27850;mypassword
cs_90350;mypassword
cs_64407;mypassword
cs_09435;mypassword
cs_75472;mypassword
cs_25243;mypassword
cs_41287;mypassword
cs_77078;mypassword
cs_80720;mypassword
cs_77840;mypassword
cs_62420;mypassword
cs_52382;mypassword
cs_92512;mypassword
cs_21220;mypassword
cs_55865;mypassword
cs_01165;mypassword
cs_39847;mypassword
cs_46571;mypassword
cs_25141;mypassword
cs_24478;mypassword
cs_14336;mypassword
cs_05725;mypassword
cs_94558;mypassword
cs_91582;mypassword
cs_61086;mypassword
cs_19989;mypassword
cs_86220;mypassword
cs_58261;mypassword
cs_39262;mypassword
cs_52975;mypassword
cs_80268;mypassword
cs_68915;mypassword
cs_01626;mypassword
cs_19391;mypassword
cs_55393;mypassword
cs_43283;mypassword
cs_47778;mypassword
cs_24843;mypassword
cs_06644;mypassword
cs_70589;mypassword
cs_10081;mypassword
cs_29571;mypassword
cs_78473;mypassword
cs_40595;mypassword
cs_13343;mypassword
cs_50907;mypassword
cs_39111;mypassword
cs_63250;mypassword
cs_68378;mypassword
cs_48684;mypassword
cs_60252;mypassword
cs_09148;mypassword
cs_02985;mypassword
cs_50259;mypassword
cs_89716;mypassword
cs_98974;mypassword
cs_04240;mypassword
cs_28512;mypassword
cs_65903;mypassword
cs_23593;mypassword
cs_30852;mypassword
cs_36922;mypassword
cs_60344;mypassword
cs_76222;mypassword
cs_21713;mypassword
cs_83405;mypassword
cs_13974;mypassword
cs_60906;mypassword
cs_74548;mypassword
cs_40768;mypassword
cs_92192;mypassword
cs_60645;mypassword
cs_32902;mypassword
cs_40816;mypassword
cs_58397;mypassword
cs_89749;mypassword
cs_39406;mypassword
cs_41746;mypassword
cs_25266;mypassword
cs_93176;mypassword
cs_92563;mypassword
cs_40021;mypassword
cs_82467;mypassword
cs_04174;mypassword
cs_90178;mypassword
cs_48471;mypassword
cs_29033;mypassword
cs_23811;mypassword
cs_30621;mypassword
cs_24047;mypassword
cs_38351;mypassword
cs_44786;mypassword
cs_19098;mypassword
cs_02996;mypassword
cs_76644;mypassword
cs_33159;mypassword
cs_82903;mypassword
cs_78584;mypassword
cs_05872;mypassword
cs_21326;mypassword
cs_26276;mypassword
cs_28435;mypassword
cs_55470;mypassword
cs_63810;mypassword
cs_76078;mypassword
cs_65405;mypassword
cs_70224;mypassword
cs_98562;mypassword
cs_44153;mypassword
cs_79311;mypassword
cs_98264;mypassword
cs_05482;mypassword
cs_97498;mypassword
cs_43941;mypassword
cs_00298;mypassword
cs_90796;mypassword
cs_60148;mypassword
cs_44000;mypassword
cs_59390;mypassword
cs_62097;mypassword
cs_12127;mypassword
cs_22635;mypassword
cs_53686;mypassword
cs_31537;mypassword
cs_94683;mypassword
cs_28173;mypassword
cs_46916;mypassword
cs_27840;mypassword
cs_23773;mypassword
cs_99224;mypassword
cs_48340;mypassword
cs_17081;mypassword
cs_06580;mypassword
cs_49144;mypassword
cs_07907;mypassword
cs_94862;mypassword
cs_50029;mypassword
cs_31832;mypassword
cs_09249;mypassword
cs_56132;mypassword
cs_31071;mypassword
cs_72892;mypassword
cs_45602;mypassword
cs_13234;mypassword
cs_56176;mypassword
cs_79541;mypassword
cs_79890;mypassword
cs_54302;mypassword
cs_38385;mypassword
cs_07208;mypassword
cs_29725;mypassword
cs_83099;mypassword
cs_53040;mypassword
cs_09035;mypassword
cs_81733;mypassword
cs_12524;mypassword
cs_12988;mypassword
cs_95843;mypassword
cs_31560;mypassword
cs_17435;mypassword
cs_03629;mypassword
cs_04113;mypassword
cs_96769;mypassword
cs_62856;mypassword
cs_85382;mypassword
cs_00661;mypassword
cs_26351;mypassword
cs_98183;mypassword
cs_67319;mypassword
cs_33051;mypassword
cs_69253;mypassword
cs_28975;mypassword
cs_16577;mypassword
cs_59921;mypassword
cs_49423;mypassword
cs_71395;mypassword
cs_54537;mypassword
cs_35649;mypassword
cs_10766;mypassword
cs_03794;mypassword
cs_48515;mypassword
cs_72305;mypassword
cs_04265;mypassword
cs_09283;mypassword
cs_97909;mypassword
cs_35585;mypassword
cs_68313;mypassword
cs_35711;mypassword
cs_17804;mypassword
cs_43151;mypassword
cs_60989;mypassword
cs_76141;mypassword
cs_02832;mypassword
cs_99974;mypassword
cs_97839;mypassword
cs_69973;mypassword
cs_78726;mypassword
cs_37925;mypassword
cs_60118;mypassword
cs_22642;mypassword
cs_75737;mypassword
cs_70166;mypassword
cs_83520;mypassword
cs_55902;mypassword
cs_64397;mypassword
cs_66431;mypassword
cs_15641;mypassword
cs_62051;mypassword
cs_82794;mypassword
cs_91117;mypassword
cs_61274;mypassword
cs_79721;mypassword
cs_55861;mypassword
cs_38265;mypassword
cs_36341;mypassword
cs_67918;mypassword
cs_07230;mypassword
cs_00459;mypassword
cs_82221;mypassword
cs_72131;mypassword
cs_32813;mypassword
cs_69328;mypassword
cs_31524;mypassword
cs_40898;mypassword
cs_30737;mypassword
cs_97634;mypassword
cs_95562;mypassword
cs_63213;mypassword
cs_83189;mypassword
cs_18630;mypassword
cs_87003;mypassword
cs_79917;mypassword
cs_89824;mypassword
cs_49410;mypassword
cs_37618;mypassword
cs_62536;mypassword
cs_96754;mypassword
cs_38465;mypassword
cs_77593;mypassword
cs_42354;mypassword
cs_26919;mypassword
cs_82215;mypassword
cs_49368;mypassword
cs_82627;mypassword
cs_22305;mypassword
cs_32557;mypassword
cs_22465;mypassword
cs_48719;mypassword
cs_59539;mypassword
cs_55389;mypassword
cs_58971;mypassword
cs_72118;mypassword
cs_30174;mypassword
cs_67176;mypassword
cs_71007;mypassword
cs_78408;mypassword
cs_28376;mypassword
cs_57614;mypassword
cs_25189;mypassword
cs_90933;mypassword
cs_10415;mypassword
cs_43176;mypassword
cs_84189;mypassword
cs_58179;mypassword
cs_06561;mypassword
cs_40600;mypassword
cs_33981;mypassword
cs_87412;mypassword
cs_89382;mypassword
cs_83237;mypassword
cs_79277;mypassword
cs_43047;mypassword
cs_15395;mypassword
cs_10978;mypassword
cs_24567;mypassword
cs_96524;mypassword
cs_08572;mypassword
cs_73456;mypassword
cs_69718;mypassword
cs_22447;mypassword
cs_69922;mypassword
cs_26666;mypassword
cs_59977;mypassword
cs_19805;mypassword
cs_51066;mypassword
cs_26824;mypassword
cs_11379;mypassword
cs_63709;mypassword
cs_00609;mypassword
cs_29582;mypassword
cs_44877;mypassword
cs_49181;mypassword
cs_63887;mypassword
cs_76678;mypassword
cs_08049;mypassword
cs_59953;mypassword
cs_96110;mypassword
cs_86844;mypassword
cs_96622;mypassword
cs_06007;mypassword
cs_14096;mypassword
cs_82378;mypassword
cs_57796;mypassword
cs_79162;mypassword
cs_17318;mypassword
cs_90526;mypassword
cs_43006;mypassword
cs_02215;mypassword
cs_39747;mypassword
cs_93267;mypassword
cs_10763;mypassword
cs_46382;mypassword
cs_86876;mypassword
cs_53403;mypassword
cs_81156;mypassword
cs_41865;mypassword
cs_29761;mypassword
cs_38675;mypassword
cs_40435;mypassword
cs_27983;mypassword
cs_05816;mypassword
cs_08341;mypassword
cs_81943;mypassword
cs_31679;mypassword
cs_25199;mypassword
cs_10477;mypassword
cs_07476;mypassword
cs_57858;mypassword
cs_74422;mypassword
cs_98898;mypassword
cs_63816;mypassword
cs_93793;mypassword
cs_90773;mypassword
cs_17481;mypassword
cs_33608;mypassword
cs_09455;mypassword
cs_91337;mypassword
cs_46197;mypassword
cs_49970;mypassword
cs_58461;mypassword
cs_38210;mypassword
cs_74399;mypassword
cs_63999;mypassword
cs_25210;mypassword
cs_19154;mypassword
cs_44476;mypassword
cs_37986;mypassword
cs_19023;mypassword
cs_43494;mypassword
cs_45905;mypassword
cs_75554;mypassword
cs_67645;mypassword
cs_52023;mypassword
cs_28868;mypassword
cs_16731;mypassword
cs_62015;mypassword
cs_78603;mypassword
cs_99462;mypassword
cs_39045;mypassword
cs_63151;mypassword
cs_59131;mypassword
cs_89107;mypassword
cs_11201;mypassword
cs_31788;mypassword
cs_00895;mypassword
cs_96813;mypassword
cs_47678;mypassword
cs_06266;mypassword
cs_90477;mypassword
cs_68675;mypassword
cs_65795;mypassword
cs_20489;mypassword
cs_31161;mypassword
cs_99176;mypassword
cs_10465;mypassword
cs_63195;mypassword
cs_82994;mypassword
cs_48411;mypassword
cs_48884;mypassword
cs_97306;mypassword
cs_56978;mypassword
cs_11530;mypassword
cs_81288;mypassword
cs_27375;mypassword
cs_03941;mypassword
cs_51401;mypassword
cs_02153;mypassword
cs_16838;mypassword
cs_22500;mypassword
cs_80694;mypassword
cs_18668;mypassword
cs_98389;mypassword
cs_15051;mypassword
cs_74260;mypassword
cs_80352;mypassword
cs_63660;mypassword
cs_00233;mypassword
cs_63538;mypassword
cs_74563;mypassword
cs_72339;mypassword
cs_80995;mypassword
cs_59553;mypassword
cs_79705;mypassword
cs_71476;mypassword
cs_77911;mypassword
cs_28294;mypassword
cs_57509;mypassword
cs_15596;mypassword
cs_23956;mypassword
cs_03929;mypassword
cs_76727;mypassword
cs_92056;mypassword
cs_84364;mypassword
cs_55537;mypassword
cs_46645;mypassword
cs_65401;mypassword
cs_02980;mypassword
cs_97185;mypassword
cs_60538;mypassword
cs_32573;mypassword
cs_79387;mypassword
cs_39720;mypassword
cs_78804;mypassword
cs_30329;mypassword
cs_45844;mypassword
cs_86723;mypassword
cs_69265;mypassword
cs_86391;mypassword
cs_00361;mypassword
cs_73267;mypassword
cs_87649;mypassword
cs_12232;mypassword
cs_34024;mypassword
cs_54533;mypassword
cs_61149;mypassword
cs_45000;mypassword
cs_38633;mypassword
cs_12937;mypassword
cs_98148;mypassword
cs_15934;mypassword
cs_63986;mypassword
cs_39640;mypassword
cs_07248;mypassword
cs_82490;mypassword
cs_91201;mypassword
cs_95674;mypassword
cs_75368;mypassword
cs_76878;mypassword
cs_04581;mypassword
cs_85454;mypassword
cs_05864;mypassword
cs_56869;mypassword
cs_94080;mypassword
cs_25183;mypassword
cs_35614;mypassword
cs_57261;mypassword
cs_02458;mypassword
cs_68734;mypassword
cs_29627;mypassword
cs_00337;mypassword
cs_95506;mypassword
cs_08130;mypassword
cs_38423;mypassword
cs_65898;mypassword
cs_77959;mypassword
cs_74491;mypassword
cs_45231;mypassword
cs_12366;mypassword
cs_30868;mypassword
cs_71762;mypassword
cs_18441;mypassword
cs_57393;mypassword
cs_94739;mypassword
cs_63024;mypassword
cs_28738;mypassword
cs_29476;mypassword
cs_05045;mypassword
cs_18678;mypassword
cs_07549;mypassword
cs_22313;mypassword
cs_51774;mypassword
cs_45147;mypassword
cs_33894;mypassword
cs_96005;mypassword
cs_13830;mypassword
cs_20060;mypassword
cs_91370;mypassword
cs_59949;mypassword
cs_51028;mypassword
cs_52160;mypassword
cs_41538;mypassword
cs_24577;mypassword
cs_07593;mypassword
cs_58599;mypassword
cs_90976;mypassword
cs_22353;mypassword
cs_17225;mypassword
cs_70273;mypassword
cs_93661;mypassword
cs_83385;mypassword
cs_55936;mypassword
cs_06292;mypassword
cs_57349;mypassword
cs_49195;mypassword
cs_98034;mypassword
cs_83601;mypassword
cs_24923;mypassword
cs_60420;mypassword
cs_29980;mypassword
cs_45556;mypassword
cs_08945;mypassword
cs_42163;mypassword
cs_25318;mypassword
cs_86695;mypassword
cs_66298;mypassword
cs_83358;mypassword
cs_71491;mypassword
cs_24620;mypassword
cs_28248;mypassword
cs_84163;mypassword
cs_97316;mypassword
cs_47071;mypassword
cs_26714;mypassword
cs_08943;mypassword
cs_50386;mypassword
cs_64272;mypassword
cs_91011;mypassword
cs_62145;mypassword
cs_10389;mypassword
cs_24354;mypassword
cs_73164;mypassword
cs_40294;mypassword
cs_62538;mypassword
cs_65031;mypassword
cs_08183;mypassword
cs_53706;mypassword
cs_38490;mypassword
cs_69979;mypassword
cs_32110;mypassword
cs_96601;mypassword
cs_41433;mypassword
cs_04117;mypassword
cs_48022;mypassword
cs_31652;mypassword
cs_87893;mypassword
cs_01929;mypassword
cs_78147;mypassword
cs_15545;mypassword
cs_90389;mypassword
cs_99981;mypassword
cs_21295;mypassword
cs_62657;mypassword
cs_61377;mypassword
cs_27805;mypassword
cs_77043;mypassword
cs_93067;mypassword
cs_46592;mypassword
cs_26404;mypassword
cs_59474;mypassword
cs_98978;mypassword
cs_87258;mypassword
cs_15473;mypassword
cs_23154;mypassword
cs_98466;mypassword
cs_21321;mypassword
cs_98282;mypassword
cs_04864;mypassword
cs_37697;mypassword
cs_05713;mypassword
cs_44157;mypassword
cs_50697;mypassword
cs_16940;mypassword
cs_29795;mypassword
cs_39775;mypassword
cs_36056;mypassword
cs_88022;mypassword
cs_61664;mypassword
cs_83487;mypassword
cs_94697;mypassword
cs_47511;mypassword
cs_62194;mypassword
cs_85010;mypassword
cs_75902;mypassword
cs_00357;mypassword
cs_73590;mypassword
cs_83563;mypassword
cs_62887;mypassword
cs_60774;mypassword
cs_71358;mypassword
cs_08863;mypassword
cs_07922;mypassword
cs_04635;mypassword
cs_23805;mypassword
cs_91785;mypassword
cs_76050;mypassword
cs_84521;mypassword
cs_74813;mypassword
cs_47537;mypassword
cs_00963;mypassword
cs_40593;mypassword
cs_14669;mypassword
cs_04826;mypassword
cs_01961;mypassword
cs_50176;mypassword
cs_83416;mypassword
cs_85092;mypassword
cs_80896;mypassword
cs_64309;mypassword
cs_38963;mypassword
cs_49277;mypassword
cs_90435;mypassword
cs_99030;mypassword
cs_63644;mypassword
cs_84565;mypassword
cs_12113;mypassword
cs_62235;mypassword
cs_91605;mypassword
cs_20055;mypassword
cs_35736;mypassword
cs_02537;mypassword
cs_96326;mypassword
cs_52554;mypassword
cs_07265;mypassword
cs_08980;mypassword
cs_31220;mypassword
cs_17368;mypassword
cs_64780;mypassword
cs_00971;mypassword
cs_01969;mypassword
cs_17046;mypassword
cs_27471;mypassword
cs_00400;mypassword
cs_98394;mypassword
cs_98361;mypassword
cs_25700;mypassword
cs_96339;mypassword
cs_88940;mypassword
cs_42794;mypassword
cs_47367;mypassword
cs_15749;mypassword
cs_47927;mypassword
cs_78779;mypassword
cs_74664;mypassword
cs_70518;mypassword
cs_81164;mypassword
cs_41505;mypassword
cs_99904;mypassword
cs_27173;mypassword
cs_27499;mypassword
cs_60256;mypassword
cs_00764;mypassword
cs_59457;mypassword
cs_94484;mypassword
cs_22900;mypassword
cs_10243;mypassword
cs_02122;mypassword
cs_90307;mypassword
cs_67928;mypassword
cs_25408;mypassword
cs_99493;mypassword
cs_63523;mypassword
cs_78872;mypassword
cs_43027;mypassword
cs_58858;mypassword
cs_13249;mypassword
cs_34564;mypassword
cs_12484;mypassword
cs_97888;mypassword
cs_23662;mypassword
cs_56271;mypassword
cs_48691;mypassword
cs_18059;mypassword
cs_58103;mypassword
cs_88280;mypassword
cs_17738;mypassword
cs_86270;mypassword
cs_23349;mypassword
cs_76983;mypassword
cs_23954;mypassword
cs_15100;mypassword
cs_47838;mypassword
cs_81800;mypassword
cs_21051;mypassword
cs_21207;mypassword
cs_40682;mypassword
cs_73706;mypassword
cs_13586;mypassword
cs_56766;mypassword
cs_63049;mypassword
cs_88738;mypassword
cs_94637;mypassword
cs_64605;mypassword
cs_14859;mypassword
cs_88755;mypassword
cs_01592;mypassword
cs_89611;mypassword
cs_12523;mypassword
cs_66964;mypassword
cs_13013;mypassword
cs_90130;mypassword
cs_59316;mypassword
cs_36349;mypassword
cs_13396;mypassword
cs_64097;mypassword
cs_29088;mypassword
cs_92536;mypassword
cs_31382;mypassword
cs_11262;mypassword
cs_64338;mypassword
cs_25329;mypassword
cs_90858;mypassword
cs_08017;mypassword
cs_26797;mypassword
cs_39970;mypassword
cs_29551;mypassword
cs_23046;mypassword
cs_62077;mypassword
cs_77090;mypassword
cs_65093;mypassword
cs_01385;mypassword
cs_08233;mypassword
cs_43875;mypassword
cs_76143;mypassword
cs_46550;mypassword
cs_36225;mypassword
cs_07594;mypassword
cs_01168;mypassword
cs_51282;mypassword
cs_51436;mypassword
cs_05510;mypassword
cs_24803;mypassword
cs_02927;mypassword
cs_92503;mypassword
cs_66617;mypassword
cs_67776;mypassword
cs_87187;mypassword
cs_95292;mypassword
cs_47325;mypassword
cs_47320;mypassword
cs_04784;mypassword
cs_69604;mypassword
cs_32606;mypassword
cs_93180;mypassword
cs_76902;mypassword
cs_93004;mypassword
cs_04842;mypassword
cs_59580;mypassword
cs_00240;mypassword
cs_65819;mypassword
cs_24452;mypassword
cs_02931;mypassword
cs_95342;mypassword
cs_59594;mypassword
cs_78128;mypassword
cs_46255;mypassword
cs_09733;mypassword
cs_68639;mypassword
cs_16059;mypassword
cs_09288;mypassword
cs_32805;mypassword
cs_27632;mypassword
cs_49244;mypassword
cs_61522;mypassword
cs_58204;mypassword
cs_36052;mypassword
cs_65085;mypassword
cs_53681;mypassword
cs_92637;mypassword
cs_82616;mypassword
cs_02362;mypassword
cs_78391;mypassword
cs_01474;mypassword
cs_30317;mypassword
cs_83294;mypassword
cs_38813;mypassword
cs_57998;mypassword
cs_34395;mypassword
cs_17929;mypassword
cs_66639;mypassword
cs_95121;mypassword
cs_56399;mypassword
cs_45654;mypassword
cs_96889;mypassword
cs_38881;mypassword
cs_70711;mypassword
cs_12025;mypassword
cs_72236;mypassword
cs_14314;mypassword
cs_12733;mypassword
cs_01154;mypassword
cs_44959;mypassword
cs_39733;mypassword
cs_44646;mypassword
cs_86462;mypassword
cs_91329;mypassword
cs_54967;mypassword
cs_18624;mypassword
cs_94924;mypassword
cs_41452;mypassword
cs_14283;mypassword
cs_53750;mypassword
cs_41249;mypassword
cs_15347;mypassword
cs_81414;mypassword
cs_17363;mypassword
cs_47021;mypassword
cs_99396;mypassword
cs_88333;mypassword
cs_63435;mypassword
cs_86109;mypassword
cs_81318;mypassword
cs_06532;mypassword
cs_12292;mypassword
cs_05769;mypassword
cs_10823;mypassword
cs_39446;mypassword
cs_26650;mypassword
cs_45471;mypassword
cs_79658;mypassword
cs_48061;mypassword
cs_07249;mypassword
cs_00950;mypassword
cs_96978;mypassword
cs_73743;mypassword
cs_02570;mypassword
cs_06732;mypassword
cs_20947;mypassword
cs_60749;mypassword
cs_57527;mypassword
cs_98819;mypassword
cs_92768;mypassword
cs_92796;mypassword
cs_29400;mypassword
cs_58388;mypassword
cs_48686;mypassword
cs_12378;mypassword
cs_77513;mypassword
cs_47935;mypassword
cs_45868;mypassword
cs_49884;mypassword
cs_29109;mypassword
cs_46684;mypassword
cs_48624;mypassword
cs_42587;mypassword
cs_80404;mypassword
cs_18702;mypassword
cs_34755;mypassword
cs_67795;mypassword
cs_43492;mypassword
cs_10798;mypassword
cs_99155;mypassword
cs_99306;mypassword
cs_01412;mypassword
cs_44310;mypassword
cs_92744;mypassword
cs_80818;mypassword
cs_04034;mypassword
cs_81771;mypassword
cs_65880;mypassword
cs_98455;mypassword
cs_17559;mypassword
cs_88734;mypassword
cs_57924;mypassword
cs_50995;mypassword
cs_43604;mypassword
cs_67346;mypassword
cs_20192;mypassword
cs_89232;mypassword
cs_14617;mypassword
cs_81985;mypassword
cs_49376;mypassword
cs_03974;mypassword
cs_59909;mypassword
cs_83693;mypassword
cs_98951;mypassword
cs_22526;mypassword
cs_93796;mypassword
cs_29036;mypassword
cs_57645;mypassword
cs_80076;mypassword
cs_53870;mypassword
cs_04079;mypassword
cs_09693;mypassword
cs_68716;mypassword
cs_00083;mypassword
cs_96827;mypassword
cs_54629;mypassword
cs_73355;mypassword
cs_68092;mypassword
cs_79526;mypassword
cs_99549;mypassword
cs_41242;mypassword
cs_41235;mypassword
cs_93600;mypassword
cs_13029;mypassword
cs_63637;mypassword
cs_68048;mypassword
cs_38643;mypassword
cs_66159;mypassword
cs_40974;mypassword
cs_34392;mypassword
cs_34137;mypassword
cs_36370;mypassword
cs_39304;mypassword
cs_25711;mypassword
cs_05113;mypassword
cs_36838;mypassword
cs_25611;mypassword
cs_25032;mypassword
cs_31590;mypassword
cs_82678;mypassword
cs_23672;mypassword
cs_23861;mypassword
cs_45331;mypassword
cs_05180;mypassword
cs_03317;mypassword
cs_15353;mypassword
cs_38256;mypassword
cs_67391;mypassword
cs_75940;mypassword
cs_42467;mypassword
cs_93828;mypassword
cs_42862;mypassword
cs_87914;mypassword
cs_07057;mypassword
cs_84911;mypassword
cs_89043;mypassword
cs_61668;mypassword
cs_48830;mypassword
cs_14990;mypassword
cs_80941;mypassword
cs_71962;mypassword
cs_45944;mypassword
cs_12586;mypassword
cs_28976;mypassword
cs_87894;mypassword
cs_50724;mypassword
cs_07263;mypassword
cs_44296;mypassword
cs_52375;mypassword
cs_08540;mypassword
cs_66792;mypassword
cs_54223;mypassword
cs_87101;mypassword
cs_23869;mypassword
cs_78578;mypassword
cs_52702;mypassword
cs_85886;mypassword
cs_09195;mypassword
cs_55533;mypassword
cs_11462;mypassword
cs_36368;mypassword
cs_99090;mypassword
cs_75871;mypassword
cs_24092;mypassword
cs_27879;mypassword
cs_09025;mypassword
cs_90199;mypassword
cs_10883;mypassword
cs_32896;mypassword
cs_57345;mypassword
cs_37181;mypassword
cs_23047;mypassword
cs_22174;mypassword
cs_73818;mypassword
cs_53253;mypassword
cs_52914;mypassword
cs_72181;mypassword
cs_93136;mypassword
cs_09712;mypassword
cs_22906;mypassword
cs_29257;mypassword
cs_47447;mypassword
cs_94209;mypassword
cs_35218;mypassword
cs_85058;mypassword
cs_53108;mypassword
cs_34591;mypassword
cs_55613;mypassword
cs_76842;mypassword
cs_17495;mypassword
cs_69627;mypassword
cs_44399;mypassword
cs_85105;mypassword
cs_18725;mypassword
cs_83837;mypassword
cs_69932;mypassword
cs_45094;mypassword
cs_07086;mypassword
cs_14714;mypassword
cs_10326;mypassword
cs_72667;mypassword
cs_84050;mypassword
cs_28599;mypassword
cs_62359;mypassword
cs_06893;mypassword
cs_98890;mypassword
cs_95528;mypassword
cs_13692;mypassword
cs_10606;mypassword
cs_76675;mypassword
cs_93605;mypassword
cs_87140;mypassword
cs_74318;mypassword
cs_58299;mypassword
cs_24474;mypassword
cs_13957;mypassword
cs_71116;mypassword
cs_59043;mypassword
cs_81438;mypassword
cs_10900;mypassword
cs_70933;mypassword
cs_81555;mypassword
cs_14231;mypassword
cs_21867;mypassword
cs_88873;mypassword
cs_59227;mypassword
cs_49825;mypassword
cs_06549;mypassword
cs_84844;mypassword
cs_14357;mypassword
cs_96273;mypassword
cs_90586;mypassword
cs_59808;mypassword
cs_69245;mypassword
cs_14432;mypassword
cs_89996;mypassword
cs_98060;mypassword
cs_05551;mypassword
cs_33908;mypassword
cs_43558;mypassword
cs_56265;mypassword
cs_03636;mypassword
cs_87949;mypassword
cs_40555;mypassword
cs_34652;mypassword
cs_73799;mypassword
cs_62062;mypassword
cs_33823;mypassword
cs_41153;mypassword
cs_75957;mypassword
cs_93370;mypassword
cs_19879;mypassword
cs_09682;mypassword
cs_61025;mypassword
cs_70316;mypassword
cs_91437;mypassword
cs_81309;mypassword
cs_74743;mypassword
cs_76936;mypassword
cs_30071;mypassword
cs_79559;mypassword
cs_43367;mypassword
cs_86795;mypassword
cs_19685;mypassword
cs_62576;mypassword
cs_82367;mypassword
cs_05850;mypassword
cs_65579;mypassword
cs_49090;mypassword
cs_43226;mypassword
cs_44887;mypassword
cs_72781;mypassword
cs_84660;mypassword
cs_58796;mypassword
cs_35419;mypassword
cs_76148;mypassword
cs_14376;mypassword
cs_68195;mypassword
cs_07052;mypassword
cs_61460;mypassword
cs_86683;mypassword
cs_20863;mypassword
cs_94711;mypassword
cs_60792;mypassword
cs_42219;mypassword
cs_86384;mypassword
cs_45784;mypassword
cs_56768;mypassword
cs_12416;mypassword
cs_67120;mypassword
cs_82894;mypassword
cs_44019;mypassword
cs_55039;mypassword
cs_07509;mypassword
cs_90638;mypassword
cs_43319;mypassword
cs_01544;mypassword
cs_69114;mypassword
cs_84256;mypassword
cs_53141;mypassword
cs_15907;mypassword
cs_65949;mypassword
cs_65461;mypassword
cs_73698;mypassword
cs_30335;mypassword
cs_81858;mypassword
cs_68791;mypassword
cs_84644;mypassword
cs_90324;mypassword
cs_39761;mypassword
cs_19481;mypassword
cs_42203;mypassword
cs_11683;mypassword
cs_79830;mypassword
cs_53594;mypassword
cs_69213;mypassword
cs_58804;mypassword
cs_31081;mypassword
cs_02743;mypassword
cs_70826;mypassword
cs_39613;mypassword
cs_92822;mypassword
cs_37644;mypassword
cs_83055;mypassword
cs_23802;mypassword
cs_49025;mypassword
cs_31929;mypassword
cs_86222;mypassword
cs_71188;mypassword
cs_16104;mypassword
cs_81849;mypassword
cs_51196;mypassword
cs_41294;mypassword
cs_84451;mypassword
cs_39412;mypassword
cs_99949;mypassword
cs_12259;mypassword
cs_30654;mypassword
cs_33794;mypassword
cs_31871;mypassword
cs_37033;mypassword
cs_35143;mypassword
cs_25519;mypassword
cs_47768;mypassword
cs_43387;mypassword
cs_34330;mypassword
cs_36776;mypassword
cs_61197;mypassword
cs_49991;mypassword
cs_86998;mypassword
cs_35806;mypassword
cs_85787;mypassword
cs_47173;mypassword
cs_28229;mypassword
cs_00283;mypassword
cs_75061;mypassword
cs_48707;mypassword
cs_88908;mypassword
cs_81606;mypassword
cs_13775;mypassword
cs_81084;mypassword
cs_62521;mypassword
cs_82393;mypassword
cs_54367;mypassword
cs_99505;mypassword
cs_79515;mypassword
cs_13037;mypassword
cs_58846;mypassword
cs_32795;mypassword
cs_53200;mypassword
cs_36499;mypassword
cs_88036;mypassword
cs_26483;mypassword
cs_27051;mypassword
cs_72788;mypassword
cs_97507;mypassword
cs_43254;mypassword
cs_59780;mypassword
cs_31534;mypassword
cs_95279;mypassword
cs_83038;mypassword
cs_46216;mypassword
cs_25754;mypassword
cs_71604;mypassword
cs_42700;mypassword
cs_38855;mypassword
cs_68631;mypassword
cs_28233;mypassword
cs_54925;mypassword
cs_07402;mypassword
cs_54788;mypassword
cs_48497;mypassword
cs_53724;mypassword
cs_28382;mypassword
cs_34317;mypassword
cs_79137;mypassword
cs_92236;mypassword
cs_28739;mypassword
cs_35299;mypassword
cs_24038;mypassword
cs_39922;mypassword
cs_34917;mypassword
cs_91657;mypassword
cs_18319;mypassword
cs_73611;mypassword
cs_37205;mypassword
cs_76268;mypassword
cs_31170;mypassword
cs_32639;mypassword
cs_21585;mypassword
cs_88900;mypassword
cs_52587;mypassword
cs_75721;mypassword
cs_82036;mypassword
cs_80988;mypassword
cs_87080;mypassword
cs_74172;mypassword
cs_64100;mypassword
cs_10285;mypassword
cs_39384;mypassword
cs_10739;mypassword
cs_43344;mypassword
cs_48841;mypassword
cs_32366;mypassword
cs_90497;mypassword
cs_04597;mypassword
cs_49662;mypassword
cs_91813;mypassword
cs_88481;mypassword
cs_56801;mypassword
cs_43953;mypassword
cs_11741;mypassword
cs_91809;mypassword
cs_44342;mypassword
cs_01471;mypassword
cs_62205;mypassword
cs_01441;mypassword
cs_66827;mypassword
cs_12478;mypassword
cs_24368;mypassword
cs_29501;mypassword
cs_63606;mypassword
cs_88574;mypassword
cs_84480;mypassword
cs_96557;mypassword
cs_73276;mypassword
cs_73472;mypassword
cs_70938;mypassword
cs_21171;mypassword
cs_26207;mypassword
cs_67186;mypassword
cs_07638;mypassword
cs_79251;mypassword
cs_71658;mypassword
cs_00487;mypassword
cs_34699;mypassword
cs_34874;mypassword
cs_58600;mypassword
cs_67959;mypassword
cs_52279;mypassword
cs_36726;mypassword
cs_93984;mypassword
cs_98927;mypassword
cs_49467;mypassword
cs_82005;mypassword
cs_79779;mypassword
cs_31755;mypassword
cs_82228;mypassword
cs_78881;mypassword
cs_45190;mypassword
cs_27582;mypassword
cs_38925;mypassword
cs_08711;mypassword
cs_06376;mypassword
cs_15820;mypassword
cs_12976;mypassword
cs_09940;mypassword
cs_99888;mypassword
cs_53800;mypassword
cs_33689;mypassword
cs_14699;mypassword
cs_64824;mypassword
cs_09619;mypassword
cs_67783;mypassword
cs_49162;mypassword
cs_90359;mypassword
cs_87790;mypassword
cs_87076;mypassword
cs_82588;mypassword
cs_22657;mypassword
cs_50668;mypassword
cs_99060;mypassword
cs_56517;mypassword
cs_08720;mypassword
cs_77052;mypassword
cs_99550;mypassword
cs_91956;mypassword
cs_02455;mypassword
cs_76807;mypassword
cs_94605;mypassword
cs_01200;mypassword
cs_27521;mypassword
cs_60466;mypassword
cs_31731;mypassword
cs_24346;mypassword
cs_83951;mypassword
cs_91334;mypassword
cs_09868;mypassword
cs_74614;mypassword
cs_75243;mypassword
cs_96456;mypassword
cs_83065;mypassword
cs_81189;mypassword
cs_63173;mypassword
cs_06891;mypassword
cs_56637;mypassword
cs_52970;mypassword
cs_39937;mypassword
cs_40910;mypassword
cs_58860;mypassword
cs_10671;mypassword
cs_96112;mypassword
cs_20775;mypassword
cs_62870;mypassword
cs_83193;mypassword
cs_33963;mypassword
cs_09444;mypassword
cs_32066;mypassword
cs_32660;mypassword
cs_13902;mypassword
cs_23433;mypassword
cs_15609;mypassword
cs_14663;mypassword
cs_68855;mypassword
cs_69415;mypassword
cs_15839;mypassword
cs_51846;mypassword
cs_83593;mypassword
cs_49490;mypassword
cs_73123;mypassword
cs_58770;mypassword
cs_24821;mypassword
cs_95433;mypassword
cs_15931;mypassword
cs_20771;mypassword
cs_76560;mypassword
cs_26091;mypassword
cs_15761;mypassword
cs_54453;mypassword
cs_97255;mypassword
cs_78639;mypassword
cs_17903;mypassword
cs_71143;mypassword
cs_53610;mypassword
cs_24328;mypassword
cs_48054;mypassword
cs_09668;mypassword
cs_51341;mypassword
cs_29916;mypassword
cs_65370;mypassword
cs_19596;mypassword
cs_14090;mypassword
cs_66313;mypassword
cs_89372;mypassword
cs_82644;mypassword
cs_47312;mypassword
cs_26580;mypassword
cs_98173;mypassword
cs_40352;mypassword
cs_97371;mypassword
cs_59470;mypassword
cs_91977;mypassword
cs_99964;mypassword
cs_08851;mypassword
cs_78475;mypassword
cs_23980;mypassword
cs_47100;mypassword
cs_97298;mypassword
cs_23926;mypassword
cs_00470;mypassword
cs_77411;mypassword
cs_30605;mypassword
cs_27500;mypassword
cs_57332;mypassword
cs_38968;mypassword
cs_54231;mypassword
cs_39246;mypassword
cs_22589;mypassword
cs_79200;mypassword
cs_61898;mypassword
cs_70984;mypassword
cs_52578;mypassword
cs_59222;mypassword
cs_66147;mypassword
cs_93872;mypassword
cs_83974;mypassword
cs_04616;mypassword
cs_10460;mypassword
cs_00903;mypassword
cs_04382;mypassword
cs_19845;mypassword
cs_89722;mypassword
cs_13305;mypassword
cs_89248;mypassword
cs_81607;mypassword
cs_00697;mypassword
cs_00819;mypassword
cs_68065;mypassword
cs_75955;mypassword
cs_81638;mypassword
cs_16654;mypassword
cs_16841;mypassword
cs_14769;mypassword
cs_59691;mypassword
cs_72345;mypassword
cs_12639;mypassword
cs_93295;mypassword
cs_88752;mypassword
cs_50839;mypassword
cs_78658;mypassword
cs_58832;mypassword
cs_85126;mypassword
cs_17371;mypassword
cs_43751;mypassword
cs_96496;mypassword
cs_47939;mypassword
cs_78623;mypassword
cs_80907;mypassword
cs_30301;mypassword
cs_55528;mypassword
cs_28929;mypassword
cs_32199;mypassword
cs_33366;mypassword
cs_30680;mypassword
cs_95538;mypassword
cs_65869;mypassword
cs_42015;mypassword
cs_79050;mypassword
cs_26603;mypassword
cs_17894;mypassword
cs_00943;mypassword
cs_89995;mypassword
cs_65863;mypassword
cs_39603;mypassword
cs_82141;mypassword
cs_82155;mypassword
cs_68101;mypassword
cs_24780;mypassword
cs_45409;mypassword
cs_96480;mypassword
cs_16928;mypassword
cs_63929;mypassword
cs_88770;mypassword
cs_16891;mypassword
cs_32913;mypassword
cs_13635;mypassword
cs_65967;mypassword
cs_72637;mypassword
cs_94430;mypassword
cs_03783;mypassword
cs_50388;mypassword
cs_15816;mypassword
cs_52763;mypassword
cs_97328;mypassword
cs_17577;mypassword
cs_00910;mypassword
cs_62614;mypassword
cs_42938;mypassword
cs_44960;mypassword
cs_23228;mypassword
cs_47144;mypassword
cs_48672;mypassword
cs_64027;mypassword
cs_09356;mypassword
cs_97477;mypassword
cs_14941;mypassword
cs_72795;mypassword
cs_71579;mypassword
cs_93114;mypassword
cs_24357;mypassword
cs_24806;mypassword
cs_79178;mypassword
cs_77739;mypassword
cs_05981;mypassword
cs_82910;mypassword
cs_23516;mypassword
cs_31194;mypassword
cs_58025;mypassword
cs_12080;mypassword
cs_72500;mypassword
cs_54274;mypassword
cs_34729;mypassword
cs_68862;mypassword
cs_33382;mypassword
cs_05016;mypassword
cs_13467;mypassword
cs_13899;mypassword
cs_61382;mypassword
cs_16481;mypassword
cs_50153;mypassword
cs_50103;mypassword
cs_82384;mypassword
cs_31615;mypassword
cs_12254;mypassword
cs_10183;mypassword
cs_84788;mypassword
cs_83898;mypassword
cs_86829;mypassword
cs_75845;mypassword
cs_43299;mypassword
cs_65162;mypassword
cs_65728;mypassword
cs_59675;mypassword
cs_47942;mypassword
cs_72834;mypassword
cs_41726;mypassword
cs_24857;mypassword
cs_61310;mypassword
cs_71988;mypassword
cs_93418;mypassword
cs_49885;mypassword
cs_81312;mypassword
cs_81830;mypassword
cs_52772;mypassword
cs_05802;mypassword
cs_29239;mypassword
cs_33926;mypassword
cs_43045;mypassword
cs_68969;mypassword
cs_52971;mypassword
cs_62303;mypassword
cs_88831;mypassword
cs_51310;mypassword
cs_86468;mypassword
cs_09178;mypassword
cs_48249;mypassword
cs_48237;mypassword
cs_77863;mypassword
cs_91252;mypassword
cs_18147;mypassword
cs_54233;mypassword
cs_21576;mypassword
cs_70793;mypassword
cs_29558;mypassword
cs_76125;mypassword
cs_36413;mypassword
cs_52784;mypassword
cs_21009;mypassword
cs_13669;mypassword
cs_85852;mypassword
cs_13552;mypassword
cs_80997;mypassword
cs_00044;mypassword
cs_40097;mypassword
cs_02448;mypassword
cs_65216;mypassword
cs_34362;mypassword
cs_57381;mypassword
cs_25307;mypassword
cs_32402;mypassword
cs_80652;mypassword
cs_72280;mypassword
cs_10399;mypassword
cs_33933;mypassword
cs_26981;mypassword
cs_78030;mypassword
cs_45915;mypassword
cs_60880;mypassword
cs_03193;mypassword
cs_14809;mypassword
cs_30543;mypassword
cs_89404;mypassword
cs_51931;mypassword
cs_74441;mypassword
cs_13311;mypassword
cs_30503;mypassword
cs_26847;mypassword
cs_49035;mypassword
cs_29086;mypassword
cs_79467;mypassword
cs_05167;mypassword
cs_97506;mypassword
cs_17760;mypassword
cs_03667;mypassword
cs_88803;mypassword
cs_36839;mypassword
cs_49129;mypassword
cs_43369;mypassword
cs_93922;mypassword
cs_69899;mypassword
cs_99810;mypassword
cs_54012;mypassword
cs_77500;mypassword
cs_96388;mypassword
cs_25603;mypassword
cs_65947;mypassword
cs_87364;mypassword
cs_13992;mypassword
cs_64245;mypassword
cs_26921;mypassword
cs_90610;mypassword
cs_86372;mypassword
cs_61233;mypassword
cs_54495;mypassword
cs_82946;mypassword
cs_14601;mypassword
cs_41926;mypassword
cs_44701;mypassword
cs_74444;mypassword
cs_12864;mypassword
cs_85883;mypassword
cs_01126;mypassword
cs_06318;mypassword
cs_85114;mypassword
cs_14554;mypassword
cs_10854;mypassword
cs_22846;mypassword
cs_31646;mypassword
cs_77377;mypassword
cs_90895;mypassword
cs_20042;mypassword
cs_86041;mypassword
cs_43110;mypassword
cs_43616;mypassword
cs_09801;mypassword
cs_28863;mypassword
cs_18331;mypassword
cs_96956;mypassword
cs_52016;mypassword
cs_42857;mypassword
cs_88207;mypassword
cs_59720;mypassword
cs_69179;mypassword
cs_59424;mypassword
cs_50570;mypassword
cs_63014;mypassword
cs_61525;mypassword
cs_37563;mypassword
cs_25501;mypassword
cs_36377;mypassword
cs_35417;mypassword
cs_40479;mypassword
cs_58827;mypassword
cs_20717;mypassword
cs_58651;mypassword
cs_23782;mypassword
cs_95402;mypassword
cs_51988;mypassword
cs_05479;mypassword
cs_40951;mypassword
cs_51049;mypassword
cs_78186;mypassword
cs_58711;mypassword
cs_06332;mypassword
cs_82726;mypassword
cs_33627;mypassword
cs_47542;mypassword
cs_23814;mypassword
cs_27013;mypassword
cs_25278;mypassword
cs_05136;mypassword
cs_78686;mypassword
cs_17205;mypassword
cs_09847;mypassword
cs_33275;mypassword
cs_22691;mypassword
cs_53008;mypassword
cs_27259;mypassword
cs_06584;mypassword
cs_79138;mypassword
cs_51246;mypassword
cs_27513;mypassword
cs_17055;mypassword
cs_61253;mypassword
cs_44439;mypassword
cs_35309;mypassword
cs_28620;mypassword
cs_64506;mypassword
cs_03083;mypassword
cs_87239;mypassword
cs_26330;mypassword
cs_15936;mypassword
cs_07649;mypassword
cs_74459;mypassword
cs_56892;mypassword
cs_60409;mypassword
cs_72969;mypassword
cs_54862;mypassword
cs_13800;mypassword
cs_23518;mypassword
cs_53547;mypassword
cs_29602;mypassword
cs_67911;mypassword
cs_55716;mypassword
cs_50650;mypassword
cs_15098;mypassword
cs_96909;mypassword
cs_40686;mypassword
cs_99921;mypassword
cs_15363;mypassword
cs_91717;mypassword
cs_53409;mypassword
cs_01727;mypassword
cs_91961;mypassword
cs_31789;mypassword
cs_98224;mypassword
cs_11473;mypassword
cs_71434;mypassword
cs_83049;mypassword
cs_92992;mypassword
cs_89702;mypassword
cs_08951;mypassword
cs_09966;mypassword
cs_22112;mypassword
cs_05065;mypassword
cs_52543;mypassword
cs_14564;mypassword
cs_32230;mypassword
cs_18681;mypassword
cs_91392;mypassword
cs_23785;mypassword
cs_98002;mypassword
cs_36670;mypassword
cs_31691;mypassword
cs_23688;mypassword
cs_20205;mypassword
cs_69852;mypassword
cs_72929;mypassword
cs_82843;mypassword
cs_55999;mypassword
cs_24468;mypassword
cs_76422;mypassword
cs_16432;mypassword
cs_31103;mypassword
cs_88978;mypassword
cs_66292;mypassword
cs_66949;mypassword
cs_02673;mypassword
cs_98499;mypassword
cs_10313;mypassword
cs_33725;mypassword
cs_91138;mypassword
cs_89405;mypassword
cs_73072;mypassword
cs_16852;mypassword
cs_07699;mypassword
cs_00494;mypassword
cs_04739;mypassword
cs_32787;mypassword
cs_05784;mypassword
cs_41272;mypassword
cs_13283;mypassword
cs_63811;mypassword
cs_82753;mypassword
cs_83938;mypassword
cs_95083;mypassword
cs_43360;mypassword
cs_34894;mypassword
cs_26810;mypassword
cs_91130;mypassword
cs_69753;mypassword
cs_81000;mypassword
cs_77410;mypassword
cs_05731;mypassword
cs_26842;mypassword
cs_98257;mypassword
cs_86308;mypassword
cs_72997;mypassword
cs_84135;mypassword
cs_97974;mypassword
cs_83994;mypassword
cs_77952;mypassword
cs_62625;mypassword
cs_55558;mypassword
cs_64016;mypassword
cs_51729;mypassword
cs_85748;mypassword
cs_84618;mypassword
cs_90630;mypassword
cs_99348;mypassword
cs_20337;mypassword
cs_34371;mypassword
cs_18288;mypassword
cs_00100;mypassword
cs_58085;mypassword
cs_99573;mypassword
cs_75266;mypassword
cs_17602;mypassword
cs_89281;mypassword
cs_10753;mypassword
cs_26718;mypassword
cs_48085;mypassword
cs_68506;mypassword
cs_83525;mypassword
cs_92291;mypassword
cs_25037;mypassword
cs_35011;mypassword
cs_99827;mypassword
cs_86145;mypassword
cs_06942;mypassword
cs_22612;mypassword
cs_81723;mypassword
cs_32251;mypassword
cs_37090;mypassword
cs_53749;mypassword
cs_93976;mypassword
cs_65959;mypassword
cs_61283;mypassword
cs_71436;mypassword
cs_33582;mypassword
cs_26063;mypassword
cs_47820;mypassword
cs_47394;mypassword
cs_01992;mypassword
cs_51888;mypassword
cs_16441;mypassword
cs_08326;mypassword
cs_47267;mypassword
cs_83076;mypassword
cs_49542;mypassword
cs_82140;mypassword
cs_33704;mypassword
cs_55791;mypassword
cs_53813;mypassword
cs_58420;mypassword
cs_53555;mypassword
cs_85605;mypassword
cs_35111;mypassword
cs_32671;mypassword
cs_17617;mypassword
cs_77811;mypassword
cs_14516;mypassword
cs_05963;mypassword
cs_47786;mypassword
cs_40719;mypassword
cs_83240;mypassword
cs_31859;mypassword
cs_79900;mypassword
cs_42405;mypassword
cs_00681;mypassword
cs_02908;mypassword
cs_35444;mypassword
cs_61940;mypassword
cs_00032;mypassword
cs_00866;mypassword
cs_41435;mypassword
cs_42744;mypassword
cs_08333;mypassword
cs_11580;mypassword
cs_97957;mypassword
cs_29642;mypassword
cs_68217;mypassword
cs_61247;mypassword
cs_08944;mypassword
cs_83973;mypassword
cs_18264;mypassword
cs_86374;mypassword
cs_14704;mypassword
cs_13715;mypassword
cs_25083;mypassword
cs_80347;mypassword
cs_69561;mypassword
cs_87421;mypassword
cs_66883;mypassword
cs_09364;mypassword
cs_72775;mypassword
cs_41783;mypassword
cs_39576;mypassword
cs_30107;mypassword
cs_24540;mypassword
cs_26039;mypassword
cs_17598;mypassword
cs_44436;mypassword
cs_00103;mypassword
cs_00019;mypassword
cs_98330;mypassword
cs_74345;mypassword
cs_97246;mypassword
cs_25412;mypassword
cs_87596;mypassword
cs_12624;mypassword
cs_29724;mypassword
cs_61465;mypassword
cs_37509;mypassword
cs_17928;mypassword
cs_61892;mypassword
cs_03643;mypassword
cs_91709;mypassword
cs_00631;mypassword
cs_79154;mypassword
cs_62573;mypassword
cs_37273;mypassword
cs_47357;mypassword
cs_71567;mypassword
cs_69403;mypassword
cs_13754;mypassword
cs_99615;mypassword
cs_02620;mypassword
cs_74251;mypassword
cs_03118;mypassword
cs_78634;mypassword
cs_81639;mypassword
cs_17179;mypassword
cs_47418;mypassword
cs_04838;mypassword
cs_58129;mypassword
cs_75661;mypassword
cs_77246;mypassword
cs_76263;mypassword
cs_23983;mypassword
cs_32039;mypassword
cs_70632;mypassword
cs_97274;mypassword
cs_66048;mypassword
cs_31956;mypassword
cs_89567;mypassword
cs_43396;mypassword
cs_59814;mypassword
cs_46193;mypassword
cs_55088;mypassword
cs_06698;mypassword
cs_42083;mypassword
cs_52607;mypassword
cs_61211;mypassword
cs_72649;mypassword
cs_11850;mypassword
cs_87134;mypassword
cs_09510;mypassword
cs_53088;mypassword
cs_74412;mypassword
cs_46173;mypassword
cs_01365;mypassword
cs_60723;mypassword
cs_73638;mypassword
cs_86794;mypassword
cs_07825;mypassword
cs_39647;mypassword
cs_41889;mypassword
cs_69439;mypassword
cs_50563;mypassword
cs_66697;mypassword
cs_82639;mypassword
cs_33336;mypassword
cs_85855;mypassword
cs_83866;mypassword
cs_42242;mypassword
cs_79956;mypassword
cs_62366;mypassword
cs_78743;mypassword
cs_69272;mypassword
cs_29040;mypassword
cs_90088;mypassword
cs_91862;mypassword
cs_12169;mypassword
cs_24532;mypassword
cs_50347;mypassword
cs_69141;mypassword
cs_57553;mypassword
cs_51390;mypassword
cs_78287;mypassword
cs_62592;mypassword
cs_44132;mypassword
cs_08222;mypassword
cs_42583;mypassword
cs_76249;mypassword
cs_80770;mypassword
cs_60683;mypassword
cs_66499;mypassword
cs_37573;mypassword
cs_27772;mypassword
cs_87281;mypassword
cs_30209;mypassword
cs_16123;mypassword
cs_74234;mypassword
cs_85836;mypassword
cs_52758;mypassword
cs_81039;mypassword
cs_38280;mypassword
cs_35181;mypassword
cs_45759;mypassword
cs_64789;mypassword
cs_19852;mypassword
cs_79273;mypassword
cs_73865;mypassword
cs_13106;mypassword
cs_86889;mypassword
cs_38565;mypassword
cs_71472;mypassword
cs_92599;mypassword
cs_20296;mypassword
cs_22714;mypassword
cs_59022;mypassword
cs_09201;mypassword
cs_93855;mypassword
cs_98655;mypassword
cs_70895;mypassword
cs_44656;mypassword
cs_21470;mypassword
cs_97232;mypassword
cs_96682;mypassword
cs_33139;mypassword
cs_90537;mypassword
cs_16440;mypassword
cs_35123;mypassword
cs_06554;mypassword
cs_24727;mypassword
cs_68458;mypassword
cs_04592;mypassword
cs_54380;mypassword
cs_87121;mypassword
cs_50675;mypassword
cs_14632;mypassword
cs_54769;mypassword
cs_11280;mypassword
cs_72725;mypassword
cs_81728;mypassword
cs_10234;mypassword
cs_77502;mypassword
cs_54547;mypassword
cs_86535;mypassword
cs_54936;mypassword
cs_69831;mypassword
cs_23515;mypassword
cs_46110;mypassword
cs_01400;mypassword
cs_81665;mypassword
cs_31870;mypassword
cs_64298;mypassword
cs_80187;mypassword
cs_84832;mypassword
cs_09999;mypassword
cs_31535;mypassword
cs_50392;mypassword
cs_06060;mypassword
cs_47638;mypassword
cs_59961;mypassword
cs_55800;mypassword
cs_56946;mypassword
cs_22602;mypassword
cs_65273;mypassword
cs_79343;mypassword
cs_20486;mypassword
cs_94457;mypassword
cs_00816;mypassword
cs_82071;mypassword
cs_85517;mypassword
cs_51274;mypassword
cs_28392;mypassword
cs_64401;mypassword
cs_17265;mypassword
cs_67979;mypassword
cs_17334;mypassword
cs_77152;mypassword
cs_38589;mypassword
cs_66368;mypassword
cs_34568;mypassword
cs_47949;mypassword
cs_99067;mypassword
cs_69427;mypassword
cs_66638;mypassword
cs_86143;mypassword
cs_58462;mypassword
cs_94656;mypassword
cs_39022;mypassword
cs_21235;mypassword
cs_98505;mypassword
cs_01319;mypassword
cs_82671;mypassword
cs_61870;mypassword
cs_38567;mypassword
cs_97702;mypassword
cs_85107;mypassword
cs_02634;mypassword
cs_09043;mypassword
cs_41686;mypassword
cs_64232;mypassword
cs_10147;mypassword
cs_71178;mypassword
cs_20733;mypassword
cs_42319;mypassword
cs_38452;mypassword
cs_25958;mypassword
cs_19899;mypassword
cs_03842;mypassword
cs_73710;mypassword
cs_01486;mypassword
cs_61349;mypassword
cs_06186;mypassword
cs_94351;mypassword
cs_61662;mypassword
cs_22409;mypassword
cs_51909;mypassword
cs_17759;mypassword
cs_63331;mypassword
cs_93630;mypassword
cs_93384;mypassword
cs_30866;mypassword
cs_49707;mypassword
cs_16133;mypassword
cs_29096;mypassword
cs_33679;mypassword
cs_77322;mypassword
cs_27490;mypassword
cs_64323;mypassword
cs_91561;mypassword
cs_52117;mypassword
cs_26843;mypassword
cs_16632;mypassword
cs_51922;mypassword
cs_70763;mypassword
cs_68629;mypassword
cs_08931;mypassword
cs_21318;mypassword
cs_80813;mypassword
cs_81827;mypassword
cs_03001;mypassword
cs_41024;mypassword
cs_40065;mypassword
cs_80205;mypassword
cs_10584;mypassword
cs_80656;mypassword
cs_91158;mypassword
cs_46273;mypassword
cs_53541;mypassword
cs_42377;mypassword
cs_21283;mypassword
cs_15310;mypassword
cs_55840;mypassword
cs_05177;mypassword
cs_32804;mypassword
cs_04409;mypassword
cs_50711;mypassword
cs_51299;mypassword
cs_15032;mypassword
cs_93014;mypassword
cs_56710;mypassword
cs_72972;mypassword
cs_46564;mypassword
cs_04589;mypassword
cs_72619;mypassword
cs_88123;mypassword
cs_08369;mypassword
cs_97324;mypassword
cs_96355;mypassword
cs_06160;mypassword
cs_14054;mypassword
cs_08123;mypassword
cs_93516;mypassword
cs_62543;mypassword
cs_05548;mypassword
cs_75311;mypassword
cs_94131;mypassword
cs_74205;mypassword
cs_37950;mypassword
cs_72707;mypassword
cs_89079;mypassword
cs_79979;mypassword
cs_30704;mypassword
cs_65919;mypassword
cs_64696;mypassword
cs_94868;mypassword
cs_51103;mypassword
cs_47449;mypassword
cs_32595;mypassword
cs_58353;mypassword
cs_20955;mypassword
cs_59324;mypassword
cs_91796;mypassword
cs_59587;mypassword
cs_33380;mypassword
cs_98498;mypassword
cs_69126;mypassword
cs_36057;mypassword
cs_62984;mypassword
cs_18121;mypassword
cs_58135;mypassword
cs_10686;mypassword
cs_35487;mypassword
cs_38829;mypassword
cs_06469;mypassword
cs_89252;mypassword
cs_91294;mypassword
cs_01189;mypassword
cs_39297;mypassword
cs_00154;mypassword
cs_59343;mypassword
cs_33449;mypassword
cs_82555;mypassword
cs_87902;mypassword
cs_34385;mypassword
cs_66901;mypassword
cs_13631;mypassword
cs_08552;mypassword
cs_61135;mypassword
cs_37123;mypassword
cs_53185;mypassword
cs_26475;mypassword
cs_93702;mypassword
cs_57369;mypassword
cs_86933;mypassword
cs_62954;mypassword
cs_03843;mypassword
cs_84662;mypassword
cs_81864;mypassword
cs_28125;mypassword
cs_07072;mypassword
cs_93889;mypassword
cs_34089;mypassword
cs_49364;mypassword
cs_44812;mypassword
cs_50074;mypassword
cs_82512;mypassword
cs_69130;mypassword
cs_90971;mypassword
cs_77653;mypassword
cs_07551;mypassword
cs_73881;mypassword
cs_73861;mypassword
cs_52544;mypassword
cs_34199;mypassword
cs_76368;mypassword
cs_83381;mypassword
cs_16563;mypassword
cs_28339;mypassword
cs_61671;mypassword
cs_82558;mypassword
cs_98252;mypassword
cs_70676;mypassword
cs_23950;mypassword
cs_71697;mypassword
cs_18908;mypassword
cs_87432;mypassword
cs_30443;mypassword
cs_41842;mypassword
cs_46566;mypassword
cs_00020;mypassword
cs_58091;mypassword
cs_84941;mypassword
cs_83095;mypassword
cs_24058;mypassword
cs_80850;mypassword
cs_81202;mypassword
cs_96025;mypassword
cs_03229;mypassword
cs_97368;mypassword
cs_19880;mypassword
cs_61860;mypassword
cs_67423;mypassword
cs_75385;mypassword
cs_73600;mypassword
cs_04327;mypassword
cs_50245;mypassword
cs_31294;mypassword
cs_82088;mypassword
cs_32859;mypassword
cs_68670;mypassword
cs_38596;mypassword
cs_34449;mypassword
cs_00055;mypassword
cs_42096;mypassword
cs_04840;mypassword
cs_66747;mypassword
cs_47798;mypassword
cs_34459;mypassword
cs_27920;mypassword
cs_31350;mypassword
cs_52324;mypassword
cs_91008;mypassword
cs_99618;mypassword
cs_99614;mypassword
cs_98729;mypassword
cs_81103;mypassword
cs_51551;mypassword
cs_13433;mypassword
cs_93026;mypassword
cs_24662;mypassword
cs_20973;mypassword
cs_04219;mypassword
cs_78931;mypassword
cs_71989;mypassword
cs_84347;mypassword
cs_44047;mypassword
cs_30585;mypassword
cs_58703;mypassword
cs_19202;mypassword
cs_34108;mypassword
cs_46262;mypassword
cs_72753;mypassword
cs_36625;mypassword
cs_82024;mypassword
cs_38270;mypassword
cs_48847;mypassword
cs_94759;mypassword
cs_47279;mypassword
cs_59905;mypassword
cs_60577;mypassword
cs_75876;mypassword
cs_11865;mypassword
cs_92094;mypassword
cs_31485;mypassword
cs_84643;mypassword
cs_93025;mypassword
cs_23455;mypassword
cs_08685;mypassword
cs_58991;mypassword
cs_72727;mypassword
cs_34069;mypassword
cs_53853;mypassword
cs_62554;mypassword
cs_75884;mypassword
cs_82569;mypassword
cs_62849;mypassword
cs_93564;mypassword
cs_33016;mypassword
cs_04171;mypassword
cs_21382;mypassword
cs_54052;mypassword
cs_63065;mypassword
cs_73307;mypassword
cs_07807;mypassword
cs_27958;mypassword
cs_14396;mypassword
cs_58188;mypassword
cs_42788;mypassword
cs_73915;mypassword
cs_30067;mypassword
cs_95726;mypassword
cs_86648;mypassword
cs_22001;mypassword
cs_18306;mypassword
cs_64157;mypassword
cs_49395;mypassword
cs_32082;mypassword
cs_24428;mypassword
cs_62435;mypassword
cs_41593;mypassword
cs_59819;mypassword
cs_61545;mypassword
cs_99498;mypassword
cs_19167;mypassword
cs_27517;mypassword
cs_69474;mypassword
cs_54178;mypassword
cs_30248;mypassword
cs_04976;mypassword
cs_40367;mypassword
cs_29401;mypassword
cs_09840;mypassword
cs_59536;mypassword
cs_93243;mypassword
cs_51020;mypassword
cs_35316;mypassword
cs_88822;mypassword
cs_53327;mypassword
cs_62777;mypassword
cs_31044;mypassword
cs_37589;mypassword
cs_56995;mypassword
cs_23122;mypassword
cs_00580;mypassword
cs_37608;mypassword
cs_98274;mypassword
cs_34406;mypassword
cs_92660;mypassword
cs_36664;mypassword
cs_29287;mypassword
cs_66716;mypassword
cs_53444;mypassword
cs_41800;mypassword
cs_02705;mypassword
cs_00937;mypassword
cs_95513;mypassword
cs_70064;mypassword
cs_24772;mypassword
cs_26822;mypassword
cs_30734;mypassword
cs_68348;mypassword
cs_51303;mypassword
cs_37225;mypassword
cs_17012;mypassword
cs_24684;mypassword
cs_18856;mypassword
cs_06525;mypassword
cs_61821;mypassword
cs_63282;mypassword
cs_64307;mypassword
cs_45514;mypassword
cs_73161;mypassword
cs_74078;mypassword
cs_14167;mypassword
cs_24586;mypassword
cs_49166;mypassword
cs_08148;mypassword
cs_24129;mypassword
cs_21529;mypassword
cs_70483;mypassword
cs_13658;mypassword
cs_52889;mypassword
cs_26600;mypassword
cs_48768;mypassword
cs_60981;mypassword
cs_14323;mypassword
cs_47588;mypassword
cs_68896;mypassword
cs_20932;mypassword
cs_66316;mypassword
cs_47464;mypassword
cs_50004;mypassword
cs_42300;mypassword
cs_97363;mypassword
cs_58826;mypassword
cs_64008;mypassword
cs_43794;mypassword
cs_19824;mypassword
cs_34342;mypassword
cs_63438;mypassword
cs_35133;mypassword
cs_65723;mypassword
cs_65945;mypassword
cs_19762;mypassword
cs_13923;mypassword
cs_94109;mypassword
cs_26108;mypassword
cs_52235;mypassword
cs_57493;mypassword
cs_53652;mypassword
cs_03218;mypassword
cs_13235;mypassword
cs_25376;mypassword
cs_56501;mypassword
cs_02998;mypassword
cs_50515;mypassword
cs_23102;mypassword
cs_76476;mypassword
cs_34610;mypassword
cs_79983;mypassword
cs_02760;mypassword
cs_09796;mypassword
cs_40534;mypassword
cs_22393;mypassword
cs_51899;mypassword
cs_05372;mypassword
cs_64902;mypassword
cs_36753;mypassword
cs_13638;mypassword
cs_13693;mypassword
cs_19741;mypassword
cs_10767;mypassword
cs_73620;mypassword
cs_04745;mypassword
cs_98423;mypassword
cs_42459;mypassword
cs_05628;mypassword
cs_11241;mypassword
cs_79418;mypassword
cs_02434;mypassword
cs_74405;mypassword
cs_19725;mypassword
cs_33953;mypassword
cs_28527;mypassword
cs_30783;mypassword
cs_65208;mypassword
cs_36989;mypassword
cs_69040;mypassword
cs_39316;mypassword
cs_41089;mypassword
cs_48668;mypassword
cs_85331;mypassword
cs_32174;mypassword
cs_50391;mypassword
cs_84815;mypassword
cs_02403;mypassword
cs_43719;mypassword
cs_63503;mypassword
cs_99626;mypassword
cs_71995;mypassword
cs_90591;mypassword
cs_87304;mypassword
cs_55904;mypassword
cs_09651;mypassword
cs_87118;mypassword
cs_44976;mypassword
cs_80466;mypassword
cs_48689;mypassword
cs_11927;mypassword
cs_56539;mypassword
cs_73156;mypassword
cs_80595;mypassword
cs_64543;mypassword
cs_04431;mypassword
cs_24751;mypassword
cs_64115;mypassword
cs_74104;mypassword
cs_84886;mypassword
cs_92692;mypassword
cs_15420;mypassword
cs_76503;mypassword
cs_63846;mypassword
cs_06634;mypassword
cs_88249;mypassword
cs_73254;mypassword
cs_61585;mypassword
cs_78318;mypassword
cs_01825;mypassword
cs_25923;mypassword
cs_49016;mypassword
cs_42998;mypassword
cs_59632;mypassword
cs_16193;mypassword
cs_33337;mypassword
cs_02332;mypassword
cs_09766;mypassword
cs_43946;mypassword
cs_22912;mypassword
cs_26837;mypassword
cs_39527;mypassword
cs_02466;mypassword
cs_37814;mypassword
cs_23911;mypassword
cs_08019;mypassword
cs_34387;mypassword
cs_09880;mypassword
cs_81484;mypassword
cs_76569;mypassword
cs_11255;mypassword
cs_73303;mypassword
cs_20284;mypassword
cs_49214;mypassword
cs_17845;mypassword
cs_96774;mypassword
cs_74682;mypassword
cs_32586;mypassword
cs_19047;mypassword
cs_40451;mypassword
cs_57672;mypassword
cs_12780;mypassword
cs_55164;mypassword
cs_40795;mypassword
cs_73886;mypassword
cs_32885;mypassword
cs_51375;mypassword
cs_12177;mypassword
cs_04743;mypassword
cs_44040;mypassword
cs_93055;mypassword
cs_48699;mypassword
cs_18519;mypassword
cs_41006;mypassword
cs_55654;mypassword
cs_69853;mypassword
cs_47887;mypassword
cs_20438;mypassword
cs_16295;mypassword
cs_62785;mypassword
cs_83810;mypassword
cs_95714;mypassword
cs_09911;mypassword
cs_76640;mypassword
cs_07357;mypassword
cs_78430;mypassword
cs_82855;mypassword
cs_37701;mypassword
cs_76589;mypassword
cs_71393;mypassword
cs_18289;mypassword
cs_63839;mypassword
cs_41174;mypassword
cs_88295;mypassword
cs_75710;mypassword
cs_89697;mypassword
cs_73062;mypassword
cs_35103;mypassword
cs_05225;mypassword
cs_79406;mypassword
cs_15633;mypassword
cs_06135;mypassword
cs_93345;mypassword
cs_11475;mypassword
cs_59947;mypassword
cs_76770;mypassword
cs_61703;mypassword
cs_11159;mypassword
cs_81603;mypassword
cs_46623;mypassword
cs_88113;mypassword
cs_36531;mypassword
cs_85177;mypassword
cs_62347;mypassword
cs_96148;mypassword
cs_21617;mypassword
cs_90276;mypassword
cs_61243;mypassword
cs_37606;mypassword
cs_15976;mypassword
cs_04562;mypassword
cs_37056;mypassword
cs_36002;mypassword
cs_27664;mypassword
cs_95210;mypassword
cs_02380;mypassword
cs_25356;mypassword
cs_30624;mypassword
cs_01379;mypassword
cs_11450;mypassword
cs_16367;mypassword
cs_88195;mypassword
cs_04017;mypassword
cs_36168;mypassword
cs_75190;mypassword
cs_76348;mypassword
cs_41596;mypassword
cs_46011;mypassword
cs_64278;mypassword
cs_84914;mypassword
cs_29313;mypassword
cs_82081;mypassword
cs_50817;mypassword
cs_99052;mypassword
cs_75461;mypassword
cs_58131;mypassword
cs_91069;mypassword
cs_26378;mypassword
cs_17255;mypassword
cs_97481;mypassword
cs_36854;mypassword
cs_43048;mypassword
cs_81071;mypassword
cs_61069;mypassword
cs_52581;mypassword
cs_45755;mypassword
cs_66798;mypassword
cs_67794;mypassword
cs_42781;mypassword
cs_02027;mypassword
cs_01043;mypassword
cs_28797;mypassword
cs_55021;mypassword
cs_34001;mypassword
cs_87641;mypassword
cs_42408;mypassword
cs_53119;mypassword
cs_37293;mypassword
cs_90776;mypassword
cs_83505;mypassword
cs_99689;mypassword
cs_56020;mypassword
cs_17017;mypassword
cs_35622;mypassword
cs_96665;mypassword
cs_03315;mypassword
cs_58499;mypassword
cs_50657;mypassword
cs_72328;mypassword
cs_64134;mypassword
cs_07338;mypassword
cs_56615;mypassword
cs_98475;mypassword
cs_48611;mypassword
cs_49268;mypassword
cs_36033;mypassword
cs_81693;mypassword
cs_60990;mypassword
cs_08834;mypassword
cs_20153;mypassword
cs_67093;mypassword
cs_93836;mypassword
cs_37028;mypassword
cs_95751;mypassword
cs_08281;mypassword
cs_02568;mypassword
cs_77017;mypassword
cs_16127;mypassword
cs_43346;mypassword
cs_61000;mypassword
cs_08219;mypassword
cs_72691;mypassword
cs_77633;mypassword
cs_66962;mypassword
cs_29930;mypassword
cs_60277;mypassword
cs_84519;mypassword
cs_48538;mypassword
cs_99944;mypassword
cs_58439;mypassword
cs_58150;mypassword
cs_18232;mypassword
cs_21706;mypassword
cs_95152;mypassword
cs_70103;mypassword
cs_02795;mypassword
cs_07580;mypassword
cs_98862;mypassword
cs_54314;mypassword
cs_13374;mypassword
cs_66264;mypassword
cs_34543;mypassword
cs_97860;mypassword
cs_18159;mypassword
cs_52014;mypassword
cs_30889;mypassword
cs_27268;mypassword
cs_50673;mypassword
cs_68337;mypassword
cs_47829;mypassword
cs_84257;mypassword
cs_04872;mypassword
cs_75233;mypassword
cs_76742;mypassword
cs_84996;mypassword
cs_91769;mypassword
cs_07665;mypassword
cs_28961;mypassword
cs_55406;mypassword
cs_81385;mypassword
cs_89990;mypassword
cs_50662;mypassword
cs_09781;mypassword
cs_70110;mypassword
cs_73650;mypassword
cs_97729;mypassword
cs_77565;mypassword
cs_13646;mypassword
cs_21360;mypassword
cs_02074;mypassword
cs_71933;mypassword
cs_55934;mypassword
cs_96074;mypassword
cs_19732;mypassword
cs_76433;mypassword
cs_16879;mypassword
cs_85220;mypassword
cs_92221;mypassword
cs_37190;mypassword
cs_49420;mypassword
cs_11380;mypassword
cs_54716;mypassword
cs_34951;mypassword
cs_81313;mypassword
cs_08272;mypassword
cs_05984;mypassword
cs_73827;mypassword
cs_88751;mypassword
cs_08243;mypassword
cs_81429;mypassword
cs_07308;mypassword
cs_07408;mypassword
cs_72225;mypassword
cs_28681;mypassword
cs_30236;mypassword
cs_73337;mypassword
cs_89602;mypassword
cs_69686;mypassword
cs_12596;mypassword
cs_53925;mypassword
cs_85936;mypassword
cs_99811;mypassword
cs_01856;mypassword
cs_20954;mypassword
cs_26829;mypassword
cs_53806;mypassword
cs_46251;mypassword
cs_85695;mypassword
cs_86392;mypassword
cs_77251;mypassword
cs_41719;mypassword
cs_11145;mypassword
cs_93765;mypassword
cs_52582;mypassword
cs_66138;mypassword
cs_44536;mypassword
cs_06595;mypassword
cs_88797;mypassword
cs_66569;mypassword
cs_80112;mypassword
cs_97393;mypassword
cs_82175;mypassword
cs_81932;mypassword
cs_86970;mypassword
cs_40394;mypassword
cs_42041;mypassword
cs_58242;mypassword
cs_80637;mypassword
cs_27001;mypassword
cs_79531;mypassword
cs_96882;mypassword
cs_75052;mypassword
cs_11756;mypassword
cs_88851;mypassword
cs_20142;mypassword
cs_27336;mypassword
cs_65901;mypassword
cs_07120;mypassword
cs_76729;mypassword
cs_14219;mypassword
cs_85706;mypassword
cs_91648;mypassword
cs_63535;mypassword
cs_57281;mypassword
cs_20448;mypassword
cs_42105;mypassword
cs_61984;mypassword
cs_23457;mypassword
cs_60427;mypassword
cs_27737;mypassword
cs_21100;mypassword
cs_89113;mypassword
cs_96929;mypassword
cs_70810;mypassword
cs_45747;mypassword
cs_08665;mypassword
cs_77448;mypassword
cs_09894;mypassword
cs_10405;mypassword
cs_35829;mypassword
cs_79582;mypassword
cs_50905;mypassword
cs_57151;mypassword
cs_26294;mypassword
cs_11662;mypassword
cs_75882;mypassword
cs_31285;mypassword
cs_40989;mypassword
cs_22929;mypassword
cs_07074;mypassword
cs_05280;mypassword
cs_29697;mypassword
cs_62338;mypassword
cs_49406;mypassword
cs_34422;mypassword
cs_47523;mypassword
cs_50073;mypassword
cs_28384;mypassword
cs_52505;mypassword
cs_28249;mypassword
cs_85930;mypassword
cs_14346;mypassword
cs_83398;mypassword
cs_87717;mypassword
cs_99347;mypassword
cs_29564;mypassword
cs_55375;mypassword
cs_65514;mypassword
cs_17947;mypassword
cs_30582;mypassword
cs_73551;mypassword
cs_58485;mypassword
cs_06287;mypassword
cs_34713;mypassword
cs_30895;mypassword
cs_03953;mypassword
cs_87559;mypassword
cs_58555;mypassword
cs_26305;mypassword
cs_83231;mypassword
cs_10919;mypassword
cs_80571;mypassword
cs_90619;mypassword
cs_36691;mypassword
cs_95741;mypassword
cs_04580;mypassword
cs_64451;mypassword
cs_42262;mypassword
cs_31356;mypassword
cs_28885;mypassword
cs_36116;mypassword
cs_02459;mypassword
cs_32385;mypassword
cs_97239;mypassword
cs_49023;mypassword
cs_97035;mypassword
cs_69893;mypassword
cs_57622;mypassword
cs_05049;mypassword
cs_84867;mypassword
cs_42763;mypassword
cs_83472;mypassword
cs_46418;mypassword
cs_75899;mypassword
cs_43859;mypassword
cs_16994;mypassword
cs_34933;mypassword
cs_89568;mypassword
cs_98129;mypassword
cs_45702;mypassword
cs_61954;mypassword
cs_27022;mypassword
cs_61618;mypassword
cs_92629;mypassword
cs_07018;mypassword
cs_87855;mypassword
cs_26038;mypassword
cs_64972;mypassword
cs_76846;mypassword
cs_58095;mypassword
cs_57438;mypassword
cs_12261;mypassword
cs_91834;mypassword
cs_68136;mypassword
cs_84468;mypassword
cs_94729;mypassword
cs_62500;mypassword
cs_25238;mypassword
cs_64635;mypassword
cs_82267;mypassword
cs_96666;mypassword
cs_05715;mypassword
cs_39873;mypassword
cs_50942;mypassword
cs_47873;mypassword
cs_09641;mypassword
cs_33119;mypassword
cs_83771;mypassword
cs_64986;mypassword
cs_99261;mypassword
cs_26043;mypassword
cs_91566;mypassword
cs_10845;mypassword
cs_88636;mypassword
cs_82303;mypassword
cs_67124;mypassword
cs_68549;mypassword
cs_96615;mypassword
cs_23265;mypassword
cs_27181;mypassword
cs_85254;mypassword
cs_18761;mypassword
cs_52012;mypassword
cs_63186;mypassword
cs_22133;mypassword
cs_76198;mypassword
cs_40978;mypassword
cs_25411;mypassword
cs_30831;mypassword
cs_46810;mypassword
cs_55172;mypassword
cs_71797;mypassword
cs_72038;mypassword
cs_92494;mypassword
cs_92956;mypassword
cs_10999;mypassword
cs_70696;mypassword
cs_99483;mypassword
cs_89939;mypassword
cs_05980;mypassword
cs_27035;mypassword
cs_40870;mypassword
cs_48265;mypassword
cs_66247;mypassword
cs_14173;mypassword
cs_73527;mypassword
cs_54173;mypassword
cs_60703;mypassword
cs_67231;mypassword
cs_07152;mypassword
cs_79019;mypassword
cs_44528;mypassword
cs_58886;mypassword
cs_10901;mypassword
cs_78185;mypassword
cs_75239;mypassword
cs_32944;mypassword
cs_09419;mypassword
cs_96013;mypassword
cs_56323;mypassword
cs_76792;mypassword
cs_80119;mypassword
cs_07604;mypassword
cs_59761;mypassword
cs_19676;mypassword
cs_89351;mypassword
cs_07620;mypassword
cs_82747;mypassword
cs_14858;mypassword
cs_13886;mypassword
cs_43213;mypassword
cs_26459;mypassword
cs_36180;mypassword
cs_09874;mypassword
cs_95368;mypassword
cs_86843;mypassword
cs_41669;mypassword
cs_87889;mypassword
cs_23806;mypassword
cs_08110;mypassword
cs_57561;mypassword
cs_33383;mypassword
cs_27918;mypassword
cs_34428;mypassword
cs_30848;mypassword
cs_15212;mypassword
cs_19170;mypassword
cs_77993;mypassword
cs_40308;mypassword
cs_79043;mypassword
cs_04182;mypassword
cs_96702;mypassword
cs_42311;mypassword
cs_92499;mypassword
cs_12628;mypassword
cs_50315;mypassword
cs_72423;mypassword
cs_46728;mypassword
cs_97451;mypassword
cs_27334;mypassword
cs_71156;mypassword
cs_88124;mypassword
cs_47953;mypassword
cs_76979;mypassword
cs_32802;mypassword
cs_94521;mypassword
cs_91023;mypassword
cs_37085;mypassword
cs_27061;mypassword
cs_09282;mypassword
cs_37739;mypassword
cs_25825;mypassword
cs_98847;mypassword
cs_79363;mypassword
cs_06154;mypassword
cs_46515;mypassword
cs_90659;mypassword
cs_78111;mypassword
cs_96384;mypassword
cs_65471;mypassword
cs_69714;mypassword
cs_60921;mypassword
cs_50974;mypassword
cs_50015;mypassword
cs_02236;mypassword
cs_13807;mypassword
cs_50544;mypassword
cs_86537;mypassword
cs_79439;mypassword
cs_27147;mypassword
cs_07322;mypassword
cs_70796;mypassword
cs_22324;mypassword
cs_13165;mypassword
cs_37297;mypassword
cs_33220;mypassword
cs_34150;mypassword
cs_19789;mypassword
cs_31093;mypassword
cs_95850;mypassword
cs_06405;mypassword
cs_71849;mypassword
cs_00011;mypassword
cs_70865;mypassword
cs_86914;mypassword
cs_35124;mypassword
cs_12135;mypassword
cs_47303;mypassword
cs_52959;mypassword
cs_81999;mypassword
cs_08424;mypassword
cs_14106;mypassword
cs_05381;mypassword
cs_51186;mypassword
cs_77852;mypassword
cs_37487;mypassword
cs_37197;mypassword
cs_86407;mypassword
cs_16702;mypassword
cs_46894;mypassword
cs_91668;mypassword
cs_24951;mypassword
cs_11449;mypassword
cs_94948;mypassword
cs_57049;mypassword
cs_29687;mypassword
cs_03407;mypassword
cs_69410;mypassword
cs_35939;mypassword
cs_77326;mypassword
cs_28356;mypassword
cs_67218;mypassword
cs_27827;mypassword
cs_81823;mypassword
cs_26602;mypassword
cs_64830;mypassword
cs_97268;mypassword
cs_85233;mypassword
cs_42953;mypassword
cs_18503;mypassword
cs_76345;mypassword
cs_17189;mypassword
cs_06578;mypassword
cs_81717;mypassword
cs_06932;mypassword
cs_12643;mypassword
cs_62961;mypassword
cs_65922;mypassword
cs_05514;mypassword
cs_69736;mypassword
cs_40339;mypassword
cs_49096;mypassword
cs_47630;mypassword
cs_52057;mypassword
cs_09248;mypassword
cs_71979;mypassword
cs_38521;mypassword
cs_40848;mypassword
cs_71683;mypassword
cs_34893;mypassword
cs_49352;mypassword
cs_29300;mypassword
cs_05533;mypassword
cs_36302;mypassword
cs_41214;mypassword
cs_54307;mypassword
cs_07721;mypassword
cs_12297;mypassword
cs_48608;mypassword
cs_07287;mypassword
cs_97256;mypassword
cs_22131;mypassword
cs_62852;mypassword
cs_36372;mypassword
cs_39911;mypassword
cs_24034;mypassword
cs_72136;mypassword
cs_84558;mypassword
cs_50061;mypassword
cs_65487;mypassword
cs_85342;mypassword
cs_18752;mypassword
cs_25065;mypassword
cs_86027;mypassword
cs_82478;mypassword
cs_41038;mypassword
cs_00075;mypassword
cs_61194;mypassword
cs_14198;mypassword
cs_16545;mypassword
cs_49511;mypassword
cs_73581;mypassword
cs_49604;mypassword
cs_03985;mypassword
cs_69986;mypassword
cs_65732;mypassword
cs_68971;mypassword
cs_13312;mypassword
cs_15986;mypassword
cs_72690;mypassword
cs_80063;mypassword
cs_63558;mypassword
cs_88583;mypassword
cs_46140;mypassword
cs_09642;mypassword
cs_29962;mypassword
cs_38853;mypassword
cs_64906;mypassword
cs_72980;mypassword
cs_05907;mypassword
cs_96463;mypassword
cs_93986;mypassword
cs_55294;mypassword
cs_04310;mypassword
cs_09825;mypassword
cs_29090;mypassword
cs_23505;mypassword
cs_10292;mypassword
cs_73667;mypassword
cs_81086;mypassword
cs_29535;mypassword
cs_50144;mypassword
cs_87673;mypassword
cs_77782;mypassword
cs_27773;mypassword
cs_54811;mypassword
cs_08638;mypassword
cs_87888;mypassword
cs_18281;mypassword
cs_26338;mypassword
cs_19201;mypassword
cs_14672;mypassword
cs_56478;mypassword
cs_71585;mypassword
cs_01468;mypassword
cs_61441;mypassword
cs_95574;mypassword
cs_75400;mypassword
cs_43749;mypassword
cs_96163;mypassword
cs_20534;mypassword
cs_17934;mypassword
cs_28971;mypassword
cs_10071;mypassword
cs_16401;mypassword
cs_95259;mypassword
cs_05914;mypassword
cs_62599;mypassword
cs_45474;mypassword
cs_24978;mypassword
cs_10418;mypassword
cs_80574;mypassword
cs_67240;mypassword
cs_60724;mypassword
cs_10099;mypassword
cs_01139;mypassword
cs_10578;mypassword
cs_43815;mypassword
cs_84812;mypassword
cs_48522;mypassword
cs_60495;mypassword
cs_22421;mypassword
cs_06308;mypassword
cs_47554;mypassword
cs_19136;mypassword
cs_59407;mypassword
cs_55553;mypassword
cs_51387;mypassword
cs_97215;mypassword
cs_01876;mypassword
cs_25413;mypassword
cs_85393;mypassword
cs_28642;mypassword
cs_06148;mypassword
cs_73359;mypassword
cs_53964;mypassword
cs_11472;mypassword
cs_90023;mypassword
cs_55418;mypassword
cs_68299;mypassword
cs_94530;mypassword
cs_54416;mypassword
cs_26170;mypassword
cs_20531;mypassword
cs_47616;mypassword
cs_16966;mypassword
cs_96361;mypassword
cs_58665;mypassword
cs_89291;mypassword
cs_35906;mypassword
cs_19895;mypassword
cs_09431;mypassword
cs_12042;mypassword
cs_11436;mypassword
cs_65276;mypassword
cs_55365;mypassword
cs_63298;mypassword
cs_18485;mypassword
cs_52602;mypassword
cs_28942;mypassword
cs_75399;mypassword
cs_79507;mypassword
cs_35158;mypassword
cs_05126;mypassword
cs_76717;mypassword
cs_13656;mypassword
cs_11698;mypassword
cs_38029;mypassword
cs_59458;mypassword
cs_54943;mypassword
cs_35412;mypassword
cs_15318;mypassword
cs_36310;mypassword
cs_09060;mypassword
cs_04595;mypassword
cs_74438;mypassword
cs_75744;mypassword
cs_13442;mypassword
cs_91625;mypassword
cs_31368;mypassword
cs_24134;mypassword
cs_82325;mypassword
cs_40496;mypassword
cs_61795;mypassword
cs_24340;mypassword
cs_11499;mypassword
cs_85408;mypassword
cs_21066;mypassword
cs_78790;mypassword
cs_61209;mypassword
cs_68428;mypassword
cs_55301;mypassword
cs_73005;mypassword
cs_14475;mypassword
cs_66764;mypassword
cs_46787;mypassword
cs_37129;mypassword
cs_77976;mypassword
cs_14027;mypassword
cs_23372;mypassword
cs_83427;mypassword
cs_71695;mypassword
cs_54501;mypassword
cs_27253;mypassword
cs_55052;mypassword
cs_60541;mypassword
cs_24122;mypassword
cs_50100;mypassword
cs_92465;mypassword
cs_11805;mypassword
cs_04772;mypassword
cs_16298;mypassword
cs_86005;mypassword
cs_64432;mypassword
cs_19072;mypassword
cs_02478;mypassword
cs_50803;mypassword
cs_19996;mypassword
cs_91738;mypassword
cs_22805;mypassword
cs_38973;mypassword
cs_75978;mypassword
cs_85755;mypassword
cs_17927;mypassword
cs_82159;mypassword
cs_08623;mypassword
cs_34619;mypassword
cs_16656;mypassword
cs_49697;mypassword
cs_89008;mypassword
cs_37896;mypassword
cs_08937;mypassword
cs_08703;mypassword
cs_50197;mypassword
cs_77037;mypassword
cs_43489;mypassword
cs_87454;mypassword
cs_76869;mypassword
cs_50713;mypassword
cs_95794;mypassword
cs_85824;mypassword
cs_87313;mypassword
cs_55479;mypassword
cs_53013;mypassword
cs_65318;mypassword
cs_54061;mypassword
cs_52274;mypassword
cs_86852;mypassword
cs_66734;mypassword
cs_26264;mypassword
cs_23698;mypassword
cs_45182;mypassword
cs_88621;mypassword
cs_26536;mypassword
cs_24989;mypassword
cs_58052;mypassword
cs_49612;mypassword
cs_64826;mypassword
cs_27052;mypassword
cs_18619;mypassword
cs_40027;mypassword
cs_80547;mypassword
cs_73821;mypassword
cs_08588;mypassword
cs_91820;mypassword
cs_81995;mypassword
cs_62343;mypassword
cs_82201;mypassword
cs_50405;mypassword
cs_26176;mypassword
cs_50002;mypassword
cs_85001;mypassword
cs_06916;mypassword
cs_19316;mypassword
cs_94415;mypassword
cs_51718;mypassword
cs_20341;mypassword
cs_90898;mypassword
cs_75600;mypassword
cs_50890;mypassword
cs_30885;mypassword
cs_70728;mypassword
cs_76150;mypassword
cs_04799;mypassword
cs_05451;mypassword
cs_05081;mypassword
cs_41558;mypassword
cs_94490;mypassword
cs_81873;mypassword
cs_87250;mypassword
cs_45045;mypassword
cs_89431;mypassword
cs_24740;mypassword
cs_35242;mypassword
cs_34771;mypassword
cs_81488;mypassword
cs_60619;mypassword
cs_62250;mypassword
cs_74481;mypassword
cs_43236;mypassword
cs_52933;mypassword
cs_19258;mypassword
cs_96350;mypassword
cs_88931;mypassword
cs_23386;mypassword
cs_77297;mypassword
cs_21004;mypassword
cs_02211;mypassword
cs_61179;mypassword
cs_27012;mypassword
cs_20301;mypassword
cs_66506;mypassword
cs_18728;mypassword
cs_47001;mypassword
cs_43873;mypassword
cs_08153;mypassword
cs_02572;mypassword
cs_67641;mypassword
cs_30285;mypassword
cs_95467;mypassword
cs_89765;mypassword
cs_24801;mypassword
cs_18606;mypassword
cs_28438;mypassword
cs_75621;mypassword
cs_97264;mypassword
cs_61839;mypassword
cs_75476;mypassword
cs_63324;mypassword
cs_54324;mypassword
cs_77136;mypassword
cs_48415;mypassword
cs_55477;mypassword
cs_52430;mypassword
cs_28127;mypassword
cs_98221;mypassword
cs_33910;mypassword
cs_81042;mypassword
cs_01494;mypassword
cs_55630;mypassword
cs_67733;mypassword
cs_34300;mypassword
cs_24858;mypassword
cs_40172;mypassword
cs_24268;mypassword
cs_42913;mypassword
cs_03293;mypassword
cs_81837;mypassword
cs_31737;mypassword
cs_94555;mypassword
cs_47966;mypassword
cs_01488;mypassword
cs_52596;mypassword
cs_12501;mypassword
cs_57242;mypassword
cs_28024;mypassword
cs_75752;mypassword
cs_06621;mypassword
cs_42985;mypassword
cs_63550;mypassword
cs_43556;mypassword
cs_74288;mypassword
cs_20918;mypassword
cs_96288;mypassword
cs_52350;mypassword
cs_42748;mypassword
cs_25910;mypassword
cs_03720;mypassword
cs_50122;mypassword
cs_52229;mypassword
cs_54973;mypassword
cs_41054;mypassword
cs_12519;mypassword
cs_25116;mypassword
cs_47315;mypassword
cs_18780;mypassword
cs_49151;mypassword
cs_15108;mypassword
cs_99716;mypassword
cs_19854;mypassword
cs_40623;mypassword
cs_76970;mypassword
cs_58132;mypassword
cs_06307;mypassword
cs_48663;mypassword
cs_90405;mypassword
cs_47105;mypassword
cs_16572;mypassword
cs_53046;mypassword
cs_38938;mypassword
cs_45444;mypassword
cs_55469;mypassword
cs_05844;mypassword
cs_90574;mypassword
cs_49674;mypassword
cs_17333;mypassword
cs_30350;mypassword
cs_86215;mypassword
cs_25087;mypassword
cs_71583;mypassword
cs_69874;mypassword
cs_38129;mypassword
cs_40634;mypassword
cs_50851;mypassword
cs_53452;mypassword
cs_61493;mypassword
cs_98000;mypassword
cs_29821;mypassword
cs_57033;mypassword
cs_38773;mypassword
cs_14840;mypassword
cs_25209;mypassword
cs_94190;mypassword
cs_87479;mypassword
cs_35615;mypassword
cs_89548;mypassword
cs_48710;mypassword
cs_26054;mypassword
cs_63594;mypassword
cs_16321;mypassword
cs_54269;mypassword
cs_32354;mypassword
cs_14074;mypassword
cs_54766;mypassword
cs_17817;mypassword
cs_76849;mypassword
cs_25790;mypassword
cs_38095;mypassword
cs_94807;mypassword
cs_10135;mypassword
cs_78809;mypassword
cs_06095;mypassword
cs_84326;mypassword
cs_69251;mypassword
cs_95075;mypassword
cs_41106;mypassword
cs_75237;mypassword
cs_59967;mypassword
cs_16943;mypassword
cs_65522;mypassword
cs_85434;mypassword
cs_96242;mypassword
cs_74470;mypassword
cs_14838;mypassword
cs_03631;mypassword
cs_48950;mypassword
cs_19595;mypassword
cs_84566;mypassword
cs_52721;mypassword
cs_94274;mypassword
cs_16037;mypassword
cs_01847;mypassword
cs_61903;mypassword
cs_92565;mypassword
cs_17953;mypassword
cs_78885;mypassword
cs_28184;mypassword
cs_59613;mypassword
cs_67337;mypassword
cs_44651;mypassword
cs_21674;mypassword
cs_63063;mypassword
cs_72325;mypassword
cs_09902;mypassword
cs_46217;mypassword
cs_28612;mypassword
cs_64000;mypassword
cs_66290;mypassword
cs_16032;mypassword
cs_53584;mypassword
cs_48196;mypassword
cs_87255;mypassword
cs_19838;mypassword
cs_86563;mypassword
cs_32716;mypassword
cs_07973;mypassword
cs_88520;mypassword
cs_31650;mypassword
cs_17912;mypassword
cs_78484;mypassword
cs_72791;mypassword
cs_74365;mypassword
cs_97739;mypassword
cs_83784;mypassword
cs_00056;mypassword
cs_16781;mypassword
cs_05427;mypassword
cs_54442;mypassword
cs_51950;mypassword
cs_35737;mypassword
cs_56789;mypassword
cs_13435;mypassword
cs_79119;mypassword
cs_92615;mypassword
cs_19667;mypassword
cs_12640;mypassword
cs_23903;mypassword
cs_86971;mypassword
cs_78419;mypassword
cs_80432;mypassword
cs_57434;mypassword
cs_02047;mypassword
cs_55503;mypassword
cs_64291;mypassword
cs_15762;mypassword
cs_50465;mypassword
cs_17215;mypassword
cs_03150;mypassword
cs_52653;mypassword
cs_52373;mypassword
cs_62805;mypassword
cs_63041;mypassword
cs_69749;mypassword
cs_68026;mypassword
cs_12615;mypassword
cs_88975;mypassword
cs_37029;mypassword
cs_93542;mypassword
cs_02966;mypassword
cs_95635;mypassword
cs_80597;mypassword
cs_59551;mypassword
cs_04629;mypassword
cs_76434;mypassword
cs_03849;mypassword
cs_47918;mypassword
cs_04626;mypassword
cs_34999;mypassword
cs_17453;mypassword
cs_57130;mypassword
cs_86543;mypassword
cs_49968;mypassword
cs_62309;mypassword
cs_56496;mypassword
cs_20003;mypassword
cs_74964;mypassword
cs_69031;mypassword
cs_63319;mypassword
cs_46096;mypassword
cs_97403;mypassword
cs_97449;mypassword
cs_98353;mypassword
cs_55298;mypassword
cs_10113;mypassword
cs_97219;mypassword
cs_32965;mypassword
cs_30026;mypassword
cs_26173;mypassword
cs_63473;mypassword
cs_01363;mypassword
cs_52752;mypassword
cs_54653;mypassword
cs_63271;mypassword
cs_89929;mypassword
cs_48810;mypassword
cs_81469;mypassword
cs_88447;mypassword
cs_16503;mypassword
cs_98595;mypassword
cs_35998;mypassword
cs_84726;mypassword
cs_46987;mypassword
cs_11801;mypassword
cs_00446;mypassword
cs_73922;mypassword
cs_74346;mypassword
cs_84422;mypassword
cs_40185;mypassword
cs_60913;mypassword
cs_18536;mypassword
cs_70138;mypassword
cs_62437;mypassword
cs_52234;mypassword
cs_48043;mypassword
cs_39892;mypassword
cs_47482;mypassword
cs_05208;mypassword
cs_17549;mypassword
cs_25697;mypassword
cs_98146;mypassword
cs_69716;mypassword
cs_82016;mypassword
cs_29133;mypassword
cs_96927;mypassword
cs_17811;mypassword
cs_50618;mypassword
cs_26233;mypassword
cs_48100;mypassword
cs_83183;mypassword
cs_04839;mypassword
cs_48296;mypassword
cs_40247;mypassword
cs_97995;mypassword
cs_42218;mypassword
cs_16288;mypassword
cs_10122;mypassword
cs_05503;mypassword
cs_09551;mypassword
cs_49752;mypassword
cs_67264;mypassword
cs_40756;mypassword
cs_35416;mypassword
cs_50634;mypassword
cs_69019;mypassword
cs_16274;mypassword
cs_31587;mypassword
cs_26183;mypassword
cs_96403;mypassword
cs_84953;mypassword
cs_37557;mypassword
cs_86809;mypassword
cs_85590;mypassword
cs_14636;mypassword
cs_17111;mypassword
cs_08858;mypassword
cs_46330;mypassword
cs_14011;mypassword
cs_97917;mypassword
cs_24968;mypassword
cs_08995;mypassword
cs_86713;mypassword
cs_01586;mypassword
cs_94620;mypassword
cs_22546;mypassword
cs_34391;mypassword
cs_54004;mypassword
cs_43033;mypassword
cs_39517;mypassword
cs_38159;mypassword
cs_41990;mypassword
cs_18982;mypassword
cs_97759;mypassword
cs_97166;mypassword
cs_92900;mypassword
cs_19866;mypassword
cs_24679;mypassword
cs_53429;mypassword
cs_58466;mypassword
cs_45157;mypassword
cs_67584;mypassword
cs_51242;mypassword
cs_50286;mypassword
cs_26424;mypassword
cs_97367;mypassword
cs_24834;mypassword
cs_12031;mypassword
cs_38193;mypassword
cs_50296;mypassword
cs_98976;mypassword
cs_69781;mypassword
cs_66445;mypassword
cs_01893;mypassword
cs_68193;mypassword
cs_04790;mypassword
cs_14975;mypassword
cs_54338;mypassword
cs_09355;mypassword
cs_42177;mypassword
cs_84857;mypassword
cs_29910;mypassword
cs_49651;mypassword
cs_66982;mypassword
cs_68799;mypassword
cs_33257;mypassword
cs_90926;mypassword
cs_01783;mypassword
cs_59583;mypassword
cs_55814;mypassword
cs_72714;mypassword
cs_60477;mypassword
cs_66532;mypassword
cs_96223;mypassword
cs_69313;mypassword
cs_24985;mypassword
cs_08940;mypassword
cs_20081;mypassword
cs_84950;mypassword
cs_34886;mypassword
cs_22265;mypassword
cs_83882;mypassword
cs_54591;mypassword
cs_83976;mypassword
cs_53065;mypassword
cs_42063;mypassword
cs_60719;mypassword
cs_36482;mypassword
cs_29123;mypassword
cs_64422;mypassword
cs_24608;mypassword
cs_36930;mypassword
cs_74807;mypassword
cs_28330;mypassword
cs_06730;mypassword
cs_26366;mypassword
cs_94508;mypassword
cs_71402;mypassword
cs_78136;mypassword
cs_56749;mypassword
cs_96749;mypassword
cs_88216;mypassword
cs_98994;mypassword
cs_87086;mypassword
cs_80914;mypassword
cs_42016;mypassword
cs_22106;mypassword
cs_78671;mypassword
cs_03082;mypassword
cs_15972;mypassword
cs_75625;mypassword
cs_27693;mypassword
cs_87021;mypassword
cs_70597;mypassword
cs_89467;mypassword
cs_39920;mypassword
cs_90190;mypassword
cs_46533;mypassword
cs_94685;mypassword
cs_74525;mypassword
cs_53249;mypassword
cs_40895;mypassword
cs_42537;mypassword
cs_07720;mypassword
cs_46679;mypassword
cs_75593;mypassword
cs_68850;mypassword
cs_19100;mypassword
cs_44928;mypassword
cs_01445;mypassword
cs_74730;mypassword
cs_92909;mypassword
cs_23583;mypassword
cs_81265;mypassword
cs_36269;mypassword
cs_19761;mypassword
cs_21135;mypassword
cs_74108;mypassword
cs_56288;mypassword
cs_63380;mypassword
cs_42422;mypassword
cs_24024;mypassword
cs_06234;mypassword
cs_26889;mypassword
cs_85099;mypassword
cs_81151;mypassword
cs_00062;mypassword
cs_81755;mypassword
cs_08291;mypassword
cs_44716;mypassword
cs_76804;mypassword
cs_79821;mypassword
cs_34348;mypassword
cs_64936;mypassword
cs_59241;mypassword
cs_06577;mypassword
cs_12164;mypassword
cs_45574;mypassword
cs_10598;mypassword
cs_87564;mypassword
cs_08514;mypassword
cs_08672;mypassword
cs_27193;mypassword
cs_31486;mypassword
cs_39531;mypassword
cs_51308;mypassword
cs_35695;mypassword
cs_41569;mypassword
cs_23023;mypassword
cs_24399;mypassword
cs_11170;mypassword
cs_77898;mypassword
cs_51413;mypassword
cs_08414;mypassword
cs_78321;mypassword
cs_55451;mypassword
cs_09134;mypassword
cs_15067;mypassword
cs_94212;mypassword
cs_96767;mypassword
cs_10299;mypassword
cs_10475;mypassword
cs_03777;mypassword
cs_46488;mypassword
cs_18344;mypassword
cs_74375;mypassword
cs_08530;mypassword
cs_04081;mypassword
cs_51965;mypassword
cs_13517;mypassword
cs_74026;mypassword
cs_58395;mypassword
cs_99938;mypassword
cs_02757;mypassword
cs_70554;mypassword
cs_47378;mypassword
cs_11204;mypassword
cs_61498;mypassword
cs_30391;mypassword
cs_87953;mypassword
cs_57775;mypassword
cs_23125;mypassword
cs_81860;mypassword
cs_52168;mypassword
cs_35344;mypassword
cs_16872;mypassword
cs_83302;mypassword
cs_26533;mypassword
cs_27836;mypassword
cs_15296;mypassword
cs_39352;mypassword
cs_64128;mypassword
cs_06350;mypassword
cs_77755;mypassword
cs_79564;mypassword
cs_82403;mypassword
cs_07243;mypassword
cs_81185;mypassword
cs_30134;mypassword
cs_73984;mypassword
cs_93006;mypassword
cs_67327;mypassword
cs_14033;mypassword
cs_26679;mypassword
cs_98323;mypassword
cs_44033;mypassword
cs_14000;mypassword
cs_05829;mypassword
cs_68893;mypassword
cs_76183;mypassword
cs_79359;mypassword
cs_48228;mypassword
cs_92420;mypassword
cs_72443;mypassword
cs_12589;mypassword
cs_91121;mypassword
cs_75929;mypassword
cs_13139;mypassword
cs_41724;mypassword
cs_03563;mypassword
cs_64159;mypassword
cs_15787;mypassword
cs_12248;mypassword
cs_84820;mypassword
cs_26344;mypassword
cs_54206;mypassword
cs_85479;mypassword
cs_45384;mypassword
cs_89558;mypassword
cs_02891;mypassword
cs_43724;mypassword
cs_73622;mypassword
cs_53753;mypassword
cs_66757;mypassword
cs_59728;mypassword
cs_13967;mypassword
cs_67099;mypassword
cs_38871;mypassword
cs_88695;mypassword
cs_60068;mypassword
cs_29241;mypassword
cs_03476;mypassword
cs_81926;mypassword
cs_92104;mypassword
cs_62253;mypassword
cs_42535;mypassword
cs_56874;mypassword
cs_83702;mypassword
cs_47656;mypassword
cs_14286;mypassword
cs_33918;mypassword
cs_45900;mypassword
cs_05851;mypassword
cs_64854;mypassword
cs_90792;mypassword
cs_50640;mypassword
cs_87379;mypassword
cs_56713;mypassword
cs_33399;mypassword
cs_29377;mypassword
cs_18821;mypassword
cs_26682;mypassword
cs_51060;mypassword
cs_03196;mypassword
cs_06573;mypassword
cs_96828;mypassword
cs_17456;mypassword
cs_83786;mypassword
cs_82684;mypassword
cs_48874;mypassword
cs_16777;mypassword
cs_80284;mypassword
cs_33748;mypassword
cs_65678;mypassword
cs_73649;mypassword
cs_79652;mypassword
cs_01790;mypassword
cs_61267;mypassword
cs_62953;mypassword
cs_32814;mypassword
cs_89858;mypassword
cs_64242;mypassword
cs_55386;mypassword
cs_47183;mypassword
cs_69919;mypassword
cs_89845;mypassword
cs_44612;mypassword
cs_36039;mypassword
cs_80068;mypassword
cs_52962;mypassword
cs_29406;mypassword
cs_29782;mypassword
cs_08836;mypassword
cs_83409;mypassword
cs_31296;mypassword
cs_84177;mypassword
cs_23332;mypassword
cs_68181;mypassword
cs_61294;mypassword
cs_78692;mypassword
cs_92719;mypassword
cs_32271;mypassword
cs_62671;mypassword
cs_40468;mypassword
cs_27745;mypassword
cs_65135;mypassword
cs_32683;mypassword
cs_82135;mypassword
cs_11271;mypassword
cs_40486;mypassword
cs_82777;mypassword
cs_35304;mypassword
cs_93676;mypassword
cs_01308;mypassword
cs_49796;mypassword
cs_14689;mypassword
cs_90165;mypassword
cs_72552;mypassword
cs_80838;mypassword
cs_19210;mypassword
cs_59110;mypassword
cs_78271;mypassword
cs_10442;mypassword
cs_35025;mypassword
cs_81741;mypassword
cs_23955;mypassword
cs_60697;mypassword
cs_90321;mypassword
cs_59411;mypassword
cs_25995;mypassword
cs_10149;mypassword
cs_17498;mypassword
cs_95590;mypassword
cs_46437;mypassword
cs_74643;mypassword
cs_25095;mypassword
cs_54211;mypassword
cs_58490;mypassword
cs_65802;mypassword
cs_58488;mypassword
cs_57062;mypassword
cs_13506;mypassword
cs_85647;mypassword
cs_03960;mypassword
cs_88994;mypassword
cs_79330;mypassword
cs_15913;mypassword
cs_94391;mypassword
cs_11660;mypassword
cs_89059;mypassword
cs_08426;mypassword
cs_36211;mypassword
cs_96971;mypassword
cs_84337;mypassword
cs_30634;mypassword
cs_91191;mypassword
cs_05733;mypassword
cs_59156;mypassword
cs_78816;mypassword
cs_99330;mypassword
cs_85106;mypassword
cs_22988;mypassword
cs_34653;mypassword
cs_21019;mypassword
cs_46270;mypassword
cs_93857;mypassword
cs_84023;mypassword
cs_03802;mypassword
cs_93010;mypassword
cs_52424;mypassword
cs_93036;mypassword
cs_28842;mypassword
cs_79980;mypassword
cs_31657;mypassword
cs_94925;mypassword
cs_79392;mypassword
cs_50950;mypassword
cs_24275;mypassword
cs_48373;mypassword
cs_45087;mypassword
cs_79091;mypassword
cs_81050;mypassword
cs_98478;mypassword
cs_62948;mypassword
cs_53873;mypassword
cs_09735;mypassword
cs_48748;mypassword
cs_21899;mypassword
cs_90080;mypassword
cs_46172;mypassword
cs_85302;mypassword
cs_37653;mypassword
cs_95129;mypassword
cs_57801;mypassword
cs_47349;mypassword
cs_22150;mypassword
cs_92726;mypassword
cs_19290;mypassword
cs_98584;mypassword
cs_32494;mypassword
cs_66751;mypassword
cs_23248;mypassword
cs_82604;mypassword
cs_56761;mypassword
cs_40737;mypassword
cs_42233;mypassword
cs_45382;mypassword
cs_94623;mypassword
cs_37676;mypassword
cs_44313;mypassword
cs_66748;mypassword
cs_33378;mypassword
cs_10295;mypassword
cs_91552;mypassword
cs_13340;mypassword
cs_95400;mypassword
cs_25201;mypassword
cs_64284;mypassword
cs_62889;mypassword
cs_52750;mypassword
cs_23111;mypassword
cs_05989;mypassword
cs_20620;mypassword
cs_12531;mypassword
cs_16893;mypassword
cs_91481;mypassword
cs_77228;mypassword
cs_53581;mypassword
cs_74487;mypassword
cs_21878;mypassword
cs_03128;mypassword
cs_55168;mypassword
cs_61372;mypassword
cs_28232;mypassword
cs_46884;mypassword
cs_77771;mypassword
cs_61592;mypassword
cs_27313;mypassword
cs_77966;mypassword
cs_32624;mypassword
cs_06821;mypassword
cs_46549;mypassword
cs_45688;mypassword
cs_80915;mypassword
cs_43990;mypassword
cs_20906;mypassword
cs_49458;mypassword
cs_63681;mypassword
cs_93896;mypassword
cs_21473;mypassword
cs_87950;mypassword
cs_56185;mypassword
cs_45203;mypassword
cs_71619;mypassword
cs_07564;mypassword
cs_10486;mypassword
cs_28646;mypassword
cs_16459;mypassword
cs_47269;mypassword
cs_51281;mypassword
cs_97284;mypassword
cs_89738;mypassword
cs_42769;mypassword
cs_25124;mypassword
cs_53871;mypassword
cs_53637;mypassword
cs_88898;mypassword
cs_88497;mypassword
cs_74058;mypassword
cs_94573;mypassword
cs_46485;mypassword
cs_17155;mypassword
cs_23148;mypassword
cs_21776;mypassword
cs_73460;mypassword
cs_74403;mypassword
cs_98501;mypassword
cs_44003;mypassword
cs_44946;mypassword
cs_42306;mypassword
cs_73749;mypassword
cs_29091;mypassword
cs_43115;mypassword
cs_88684;mypassword
cs_07753;mypassword
cs_61385;mypassword
cs_93860;mypassword
cs_74156;mypassword
cs_16377;mypassword
cs_29371;mypassword
cs_37603;mypassword
cs_34336;mypassword
cs_59644;mypassword
cs_55266;mypassword
cs_54135;mypassword
cs_66563;mypassword
cs_90039;mypassword
cs_71984;mypassword
cs_38363;mypassword
cs_81181;mypassword
cs_95490;mypassword
cs_19785;mypassword
cs_00880;mypassword
cs_80265;mypassword
cs_67408;mypassword
cs_71151;mypassword
cs_46408;mypassword
cs_32681;mypassword
cs_56077;mypassword
cs_59253;mypassword
cs_12697;mypassword
cs_31835;mypassword
cs_45517;mypassword
cs_19066;mypassword
cs_48819;mypassword
cs_77767;mypassword
cs_28117;mypassword
cs_78914;mypassword
cs_39563;mypassword
cs_31533;mypassword
cs_58526;mypassword
cs_44283;mypassword
cs_90714;mypassword
cs_84992;mypassword
cs_63236;mypassword
cs_04473;mypassword
cs_89619;mypassword
cs_98884;mypassword
cs_58291;mypassword
cs_51430;mypassword
cs_60395;mypassword
cs_23083;mypassword
cs_96471;mypassword
cs_28768;mypassword
cs_35308;mypassword
cs_85735;mypassword
cs_36476;mypassword
cs_83105;mypassword
cs_06994;mypassword
cs_86976;mypassword
cs_28010;mypassword
cs_22352;mypassword
cs_12930;mypassword
cs_13181;mypassword
cs_29617;mypassword
cs_84096;mypassword
cs_75603;mypassword
cs_29733;mypassword
cs_34434;mypassword
cs_31358;mypassword
cs_57902;mypassword
cs_33941;mypassword
cs_60647;mypassword
cs_69081;mypassword
cs_81412;mypassword
cs_94427;mypassword
cs_99747;mypassword
cs_99510;mypassword
cs_76448;mypassword
cs_44555;mypassword
cs_67271;mypassword
cs_60935;mypassword
cs_49821;mypassword
cs_03068;mypassword
cs_85131;mypassword
cs_57088;mypassword
cs_02583;mypassword
cs_76788;mypassword
cs_22299;mypassword
cs_84327;mypassword
cs_00856;mypassword
cs_38438;mypassword
cs_64351;mypassword
cs_97127;mypassword
cs_44770;mypassword
cs_81216;mypassword
cs_87481;mypassword
cs_19486;mypassword
cs_38562;mypassword
cs_91216;mypassword
cs_79860;mypassword
cs_31547;mypassword
cs_39540;mypassword
cs_51091;mypassword
cs_75183;mypassword
cs_00205;mypassword
cs_98030;mypassword
cs_15915;mypassword
cs_35752;mypassword
cs_72654;mypassword
cs_85100;mypassword
cs_44970;mypassword
cs_03538;mypassword
cs_29384;mypassword
cs_92223;mypassword
cs_55377;mypassword
cs_68103;mypassword
cs_51881;mypassword
cs_98607;mypassword
cs_79224;mypassword
cs_46828;mypassword
cs_42899;mypassword
cs_53475;mypassword
cs_16131;mypassword
cs_22051;mypassword
cs_97975;mypassword
cs_15605;mypassword
cs_19863;mypassword
cs_21050;mypassword
cs_29828;mypassword
cs_01607;mypassword
cs_71789;mypassword
cs_11311;mypassword
cs_39383;mypassword
cs_59697;mypassword
cs_77635;mypassword
cs_58448;mypassword
cs_46692;mypassword
cs_97937;mypassword
cs_55841;mypassword
cs_78819;mypassword
cs_02278;mypassword
cs_13594;mypassword
cs_94836;mypassword
cs_78573;mypassword
cs_32700;mypassword
cs_90160;mypassword
cs_49876;mypassword
cs_41022;mypassword
cs_42733;mypassword
cs_88466;mypassword
cs_49510;mypassword
cs_21927;mypassword
cs_64929;mypassword
cs_91421;mypassword
cs_08613;mypassword
cs_69914;mypassword
cs_14826;mypassword
cs_19577;mypassword
cs_46751;mypassword
cs_23466;mypassword
cs_67372;mypassword
cs_24219;mypassword
cs_31857;mypassword
cs_30264;mypassword
cs_69363;mypassword
cs_16404;mypassword
cs_31111;mypassword
cs_80151;mypassword
cs_01794;mypassword
cs_67763;mypassword
cs_97146;mypassword
cs_07290;mypassword
cs_52037;mypassword
cs_46891;mypassword
cs_78293;mypassword
cs_78968;mypassword
cs_67467;mypassword
cs_77035;mypassword
cs_46049;mypassword
cs_88136;mypassword
cs_59450;mypassword
cs_90141;mypassword
cs_94750;mypassword
cs_85478;mypassword
cs_29686;mypassword
cs_21559;mypassword
cs_24151;mypassword
cs_61432;mypassword
cs_27510;mypassword
cs_66284;mypassword
cs_67195;mypassword
cs_85966;mypassword
cs_85878;mypassword
cs_05698;mypassword
cs_70522;mypassword
cs_11836;mypassword
cs_39288;mypassword
cs_69485;mypassword
cs_01048;mypassword
cs_16248;mypassword
cs_07622;mypassword
cs_57280;mypassword
cs_59098;mypassword
cs_38959;mypassword
cs_81196;mypassword
cs_70186;mypassword
cs_45140;mypassword
cs_13063;mypassword
cs_54828;mypassword
cs_38518;mypassword
cs_63086;mypassword
cs_59524;mypassword
cs_03750;mypassword
cs_88468;mypassword
cs_47290;mypassword
cs_54399;mypassword
cs_32383;mypassword
cs_07546;mypassword
cs_15502;mypassword
cs_52488;mypassword
cs_64958;mypassword
cs_31585;mypassword
cs_26491;mypassword
cs_39981;mypassword
cs_43877;mypassword
cs_00332;mypassword
cs_09495;mypassword
cs_68114;mypassword
cs_22907;mypassword
cs_12582;mypassword
cs_66281;mypassword
cs_87721;mypassword
cs_01619;mypassword
cs_89102;mypassword
cs_06610;mypassword
cs_52798;mypassword
cs_33546;mypassword
cs_29738;mypassword
cs_17650;mypassword
cs_46476;mypassword
cs_04943;mypassword
cs_79804;mypassword
cs_97697;mypassword
cs_51469;mypassword
cs_10490;mypassword
cs_99492;mypassword
cs_78026;mypassword
cs_24810;mypassword
cs_08336;mypassword
cs_47744;mypassword
cs_81337;mypassword
cs_66929;mypassword
cs_03392;mypassword
cs_48731;mypassword
cs_33783;mypassword
cs_90843;mypassword
cs_49175;mypassword
cs_17719;mypassword
cs_72826;mypassword
cs_83633;mypassword
cs_35422;mypassword
cs_86231;mypassword
cs_53273;mypassword
cs_37456;mypassword
cs_17580;mypassword
cs_41188;mypassword
cs_93988;mypassword
cs_05528;mypassword
cs_44790;mypassword
cs_19615;mypassword
cs_61403;mypassword
cs_73399;mypassword
cs_06998;mypassword
cs_11857;mypassword
cs_31805;mypassword
cs_66404;mypassword
cs_45148;mypassword
cs_81186;mypassword
cs_21308;mypassword
cs_29309;mypassword
cs_43383;mypassword
cs_51979;mypassword
cs_23654;mypassword
cs_68786;mypassword
cs_34649;mypassword
cs_92001;mypassword
cs_19361;mypassword
cs_60783;mypassword
cs_80095;mypassword
cs_88535;mypassword
cs_62485;mypassword